agency name,website,emails
"Biznet","www.biznetnetworks.com"," sales@biznetnetworks.com"
"Estarta Solutions","www.estartasolutions.com","ksa@estartasolutions.com,Iraq@estartasolutions.com,levant@estartasolutions.com,bizdev@estartasolutions.com"
"BCS Technology International Pty Ltd","www.bcstechnology.com.au","info@bcstechnology.com.au"
"Onepath","1path.com","info@1path.com"
"Quatrro","www.quatrrobss.com","Quatrro_US@quatrro.com"
"A-IT Software Services Pte Ltd","www.aitsoftware.com","ithr@aitsoftware.com"
"BuróMC","www.buromc.com","contacto@buromc.com"
"Blue Point Telecom","www.blue-point.ro","&#111;f&#102;&#105;&#99;&#101;&#64;bl&#117;e&#45;&#112;o&#105;&#110;t&#46;r&#111;"
"Edge Technology Services","edgets.com","info@edgets.com"
"SequoiaDB","www.sequoiadb.com","contact@sequoiadb.com"
"Innotec","www.innotecsystem.com","rrhh@innotecsystem.com"
"Valoris Center","www.valoris.ro","contact@valoris.ro"
"Productive Edge","www.productiveedge.com","services@productiveedge.com"
"Blue Chip","www.bluechip.co.uk","info@bluechip.co.uk"
"Paradigma","www.paradigmadigital.com","info@paradigmadigital.com"
"Meridian International Group'Better Solution Better Life'","www.meridian.international","info@meridian.international"
"Grupo Scanda","www.scanda.com.mx","c&#111;&#110;&#116;a&#99;t&#111;&#64;s&#99;&#97;&#110;d&#97;&#46;&#99;&#111;&#109;&#46;&#109;&#120;,contacto@scanda.com.mx"
"Synoptek","synoptek.com","hshrimanker@synoptek.com,salesinquiries@synoptek.com"
"Adexus","www.adexus.com","rdelaguila@adexus.com.pe,personas@adexus.cl"
"Cuelogic Technologies","www.cuelogic.com","info@cuelogic.com"
"Unilink Ltd.","www.unilink.co.il","sales@unilink.co.il,info@unilink.co.il,careers@unilink.co.il"
"Helmes AS","www.helmes.com","&#105;&#110;fo&#64;h&#101;&#108;m&#101;s&#46;c&#111;m"
"Cleverlance Enterprise Solutions a.s.","www.cleverlance.com","business@cleverlance.com,support@cleverlance.com,info@cleverlance.com,press@cleverlance.com,job@cleverlance.com"
"Damovo","www.damovo.com","dialog@damovo.com"
"Bangladesh Export Import Co. Ltd. - IT Division","www.bol-online.com","support@bol-online.com"
"Broad Band Telecom Services Ltd.","www.bbts.net","info@bbts.net"
"getSmartcoders","www.getsmartcoders.com"," info@getsmartcoders.com"
"Anderson ZurMuehlen Technology Services","www.aztechnologyservices.com","azts@azworld.com"
"Redcentric","www.redcentricplc.com","sayhello@redcentricplc.com"
"ACI Group","www.aci.com","info@aci.com"
"Bytech","www.bytechs.by","info@bytechs.by"
"Euroanswer","www.euroanswer.co.uk","sales@euroanswer.co.uk,dpo@euroanswer.co.uk"
"VoiceGate Technologies","www.voicegateindia.com","sales@voicegateindia.com"
"VISUAL BI SOLUTIONS","www.visualbis.com","solutions@visualbi.com"
"LixarIT","lixar.com","{{data.organizer_mail}},community@lixar.com"
"CereCore","cerecore.net","info@cerecore.net"
"Adastra Corporation","adastracorp.com","hello@adastracorp.com"
"Verticurl","www.verticurl.co.jp","hr@verticurl.com"
"KIS","www.kiscc.com","support@kis-cloud.com"
"Paradigma Digital","en.paradigmadigital.com","info@paradigmadigital.com"
"Maticmind S.p.A.","www.maticmind.it","info@pec.maticmind.it,info@maticmind.it"
"LatentView Analytics","www.latentview.com","sales@latentview.com"
"Rolustech","www.rolustech.com","info@rolustech.com"
"IT Lab","www.itlab.com","hello@itlab.com"
"LIDA","london.lida.com","info@lida.com,letschat@lida.com"
"Levi9 Technology Services","www.levi9.com","office-romania@levi9.com,info@levi9.com,serbia@levi9.com,Talent-kiev@levi9.com,Talent-lviv@levi9.com"
"Netrix, LLC","netrixllc.com","info@netrixllc.com"
"Natsoft Corporation","www.natsoft.us","info@natsoft.us"
"Bradford & Galt, INC.","bradfordandgalt.com","webkc@bgcs.com,webstl@bgcs.com,webnash@bgcs.com,weblou@bgcs.com"
"Infinity Works","www.infinityworks.com","info@infinityworks.com"
"Dialog Information Technology","www.dialog.com.au","dialogit@dialog.com.au"
"Netcore Solutions Pvt Ltd","netcore.in","sales@netcore.in"
"Solutio","www.gruposolutio.com","info@gruposolutio.com,inf&#111;&#64;&#103;&#114;u&#112;&#111;sol&#117;&#116;&#105;&#111;&#46;&#99;o&#109;"
"Intility","www.intility.no","info@intility.no"
"Softweb Solutions","www.softwebsolutions.com","info@softwebsolutions.com"
"ADA S.A.","ada.co","info@ada.co"
"Mesiniaga Berhad","www.mesiniaga.com.my","CorpComm@mesiniaga.com.my"
"Marco Technologies","www.marconet.com","marco@marconet.com"
"InKnowTech","inknowtech.com","info@inknowtech.com,careers@inknowtech.com"
"JMA Information Technology","jmait.com","contact@jmait.com"
"WeAre4C","www.weare4c.com","london@weare4c.com"
"PTS Consulting","www.ptsconsulting.com","info@ptsconsulting.com"
"Clarity Insights","www.clarityinsights.com","kmowery@clarityinsights.com"
"Intello Group, Inc.","intellogroup.com","intello.support.ca@intellogroup.com,connect@intellogroup.com"
"Global Data Solutions Limited","en.gds-services.com","marketing@gds-services.com"
"Polymont IT Services","www.polymont-itservices.fr","vivapps@netvizio.com"
"Allen Brasil","allen.com.br","contato@allen.com.br"
"Object Consulting","www.objectconsulting.com.au","info@objectconsulting.com.au"
"Allied Market Research","www.alliedmarketresearch.com","Help@alliedmarketresearch.com"
"Custom Computer Specialists Inc","www.customtech.com","info@customtech.com,support@customtech.com,helpdesk@customms.com"
"Tudip Technologies Pvt. Ltd.","www.tudip.com","info@tudip.com"
"Kennedy Personnel Services","www.kennedy-services.com","info@kennedy-services.com"
"Connections Romania","connectionsconsult.ro","office@connectionsconsult.ro,recrutare@connectionsconsult.ro"
"Bilot","www.bilot.fi","info@bilot.fi"
"AlfaPeople","www.alfapeople.com","Dynamics365team@alfapeople.com,DynamicsAXteam@alfapeople.com,supportTeam@alfapeople.com,DynamicsCRMteam@alfapeople.com,PowerBIteam@alfapeople.com"
"Basefarm AS","www.basefarm.com","lars.lersveen@basefarm.com,post@basefarm.no,anna.palsson@basefarm.com,marcel.ravenshorst@basefarm.com,post@basefarm.com"
"Prime Holding JSC","primeholding.com","info@primeholding.com"
"Column Technologies","www.columnit.com","customersupport@columnit.com"
"Quartech","www.quartech.com","webmaster@Quartech.com"
"SI2 Limited","si2solutions.com","info@si2solutions.com"
"INGIMA","www.ingima.com","contact.be@ingima.com,contact.il@ingima.com,contact.pa@ingima.com,contact.bg@ingima.com"
"Swayam Group","www.swayamgroup.com","sales@swayamgroup.com,careers@swayamgroup.com"
"Indusa","www.indusa.com","hshrimanker@synoptek.com,tyang@synoptek.com,elena.britton@indusa.com,salesinquiries@synoptek.com"
"Aderant","www.aderant.com","info@aderant.com"
"eVestment","www.evestment.com","info@evestment.com"
"M.Tech","mtechpro.com","sgmarcom@mtechpro.com,mtc@mtechpro.com,tech@mtechpro.com,sales@mtechpro.com"
"Systemantech Inc.","www.systemantech.net","info@systemantech.com"
"Mnemo","www.mnemo.com","in&#102;&#111;&#64;&#109;&#110;&#101;mo.&#99;om"
"Cloud5 Communications","cloud5.com","info@cloud5.com"
"Seavus","seavus.com","info@seavus.com"
"Yondu, Inc.","www.yondu.com","info@yondu.com"
"SEBPO","www.sebpo.com","jobs.bd@sebpo.com,sales@sebpo.com,jobs.es@sebpo.com"
"CrowdStrike","www.crowdstrike.com","services@crowdstrike.com"
"Lohika","www.lohika.com","info@lohika.com"
"GEOCOM","www.geocom.com.uy","info@geocom.com.uy"
"Grupo open","www.openservice.mx","&#105;nf&#111;&#64;&#111;&#112;&#101;n&#115;&#101;r&#118;&#105;ce.mx,info&#64;openservice.mx"
"Sensiple","www.sensiple.com","info@sensiple.com"
"Bitech Company","www.bitech.ro","office@bitech.ro"
"Strategic Resources International Inc","sriusa.com","business@sriusa.com"
"Space-O Technologies","www.spaceotechnologies.com","sales@spaceotechnologies.com,hr@spaceotechnologies.com"
"Square Cloud","www.squarecloud.net","support@squarecloud.net,info@squarecloud.net,sales@squarecloud.net"
"A1QA","www.a1qa.com","info@a1qa.com"
"CloudSense","www.cloudsense.com","dpo@cloudsense.com"
"Direction Software Solutions","direction.biz","info@direction.biz, info@direction.biz"
"Foster Moore","www.fostermoore.com","info@fostermoore.com"
"BRACNet Limited","bracnet.net","support@bracmail.net"
"Netsmartz LLC","www.netsmartz.com","sales@netsmartz.com"
"Seresco","www.seresco.es","soluciones@seresco.es"
"NexusTek","www.nexustek.com","Info@nexustek.com,i&#110;&#102;o&#64;&#110;e&#120;&#117;st&#101;&#107;.&#99;o&#109;,info@nexustek.com"
"Falcons Soft","www.falconssoft.com","info@falconssoft.com"
"Zerone Technologies","www.zeronetechnologies.com","info@zeronetechnologies.com"
"Charter Global","www.charterglobal.com","info@charterglobal.com"
"Ubitus Inc.","www.ubitus.net","contact@ubitus.net"
"Grazitti Interactive","www.grazitti.com","sales@grazitti.us,sales@grazitti.com,sales_sg@grazitti.com"
"Comm-Works","www.comm-works.com","engage@comm-works.com"
"Emergya","www.emergya.com","info-ch@emergya.com,info-es@emergya.com,info-uk@emergya.com,info-cl@emergya.com"
"Mitchelle Madison Group | Management Consulting","mmgmc.com","manilaoffice@mmg-manila.com,info@mmgmc.com"
"CCS Technologies","www.ccs-technologies.com","collaborate@ccs-technologies.com"
"Symphony Solutions","www.symphony-solutions.eu","recruiting@symphony-solutions.eu,finance@symphony-solutions.eu,legal@symphony-solutions.eu,info_pl@symphony-solutions.eu,sales@symphony-solutions.eu,info_mk@symphony-solutions.eu,info@symphony-solutions.eu"
"Jiguang","www.jiguang.cn","marketing@jiguang.cn,support@jiguang.cn,sales@jiguang.cn"
"Race Online Limited","race.net.bd","contact@race.net.bd"
"ho1a","www.ho1a.com","contacto@ho1a.com"
"Kenos","www.kenos.com.mx","&#97;&#116;&#101;nc&#105;on.ke&#110;&#111;s&#64;&#115;&#99;&#97;&#110;&#100;a&#46;com.&#109;&#120;,atencion.kenos@scanda.com.mx ,atencion.kenos@scanda.com.mx"
"Cedro Technologies","www.cedrotech.com","comercial@cedrotech.com,servicedesk@cedrotech.com"
"STLogics Corporation | A Technology Holding Company","www.stlogics.com","info@stlogics.com"
"800teleservices","www.800teleservices.com","main@800teleservices.com,main@800Teleservices.com"
"Core Value Inc.","corevalue.net","info@corevalue.net"
"Plain Concepts","www.plainconcepts.com","usa_info@plainconcepts.com"
"Eficode","www.eficode.com","info@eficode.com"
"Five9","www.five9.com","info@five9.com"
"KCS iT","kcsit.pt","info@kcsit.pt,info.porto@kcsit.pt"
"Adams Remco Inc.","adamsremco.com","info@adamsremco.com"
"Jade Global","www.jadeglobal.com","info@jadeglobal.com"
"Compunet, Inc.","www.compunet.biz","support@compunet.biz"
"Nordcloud","www.nordcloud.com","info&#64;&#110;&#111;rd&#99;lo&#117;&#100;.&#99;&#111;&#109;"
"Soroc Technology","www.soroc.com","info@soroc.com"
"WaveAccess USA","www.wave-access.com","hello@wave-access.com"
"Aware Corporation Limited","www.aware.co.th","info@aware.co.th,academy@aware.co.th"
"Actifio","www.actifio.com","sales@actifio.com"
"Trantor Inc.","trantorinc.com","sales@trantorinc.com"
"Ameex Technologies Corp.","www.ameexusa.com","info@ameexusa.com"
"Krish Compusoft Services Inc.","www.kcsitglobal.com","info@kcsitglobal.com"
"Terra Firma","www.terrafirma.com.au","info@terrafirma.com.au"
"ICE Services, Inc.","www.iceservices.net","info@iceservices.net"
"Ray Morgan Company","www.raymorgan.com","info@raymorgan.com"
"Squad","www.squad.fr","Contact@squad.fr"
"Lewan Technology","www.lewan.com","solutions@lewan.com"
"Columbus Technologies and Services","www.columbususa.com","info@columbususa.com"
"Links Technology Solutions, Inc.","www.linkstechnology.com","info@linkstechnology.com"
"Rave Digital","www.ravedigital.agency","contact@ravedigital.agency"
"Appnovation Technologies","www.appnovation.com","contact@appnovation.com"
"Linium","www.linium.com","info@linium.com"
"Pitang","www.pitang.com","#"
"Avanxo","avanxo.com","none"
"IN2 Group","www.in2.hr","in2@in2.hr"
"Lirex.com","lirex.bg","office@lirex.com"
"Accely INC.","www.accely.com","info@accely.com"
"Managed It Services","www.extnoc.com","sales@externetworks.com"
"S3 Corporation","www.s3corp.com.vn","info@s3corp.com.vn"
"Outcess Solutions","outcess.com","info@outcess.com"
"Qvantel","www.qvantel.com","sales@qvantel.com,marketing@qvantel.com"
"Eisso","global.eisoo.com","globalsupport@eisoo.com"
"Intertec Systems","www.intertecsystems.com","info@intertecsys.com"
"Babel","babel.es","info@babel.es"
"Tricon Infotech Private Limited","www.triconinfotech.com","humanresource@triconinfotech.com,info@triconinfotech.com"
"Silicus","www.silicus.com","rfp@silicus.com"
"Geocent","www.geocent.com","marketing@geocent.com"
"ITMAGINATION","itmagination.com","office@itmagination.com"
"Compunnel Software Group","www.compunnel.com","contact@compunnel.com"
"Progressive Infotech Pvt. Ltd","progressive.in","solutions@progressive.in"
"Euvic","www.euvic.com","info@euvic.com"
"AhnLab","global.ahnlab.com","global.sales@ahnlab.com"
"SETA International","www.seta-international.com","info@seta-international.com"
"8KMiles","www.8kmiles.com","info@8kmiles.com"
"Coberon Chronos Group","www.coberonchronos.com","cv@coberonchronos.com"
"Javelin Agency","javelinagency.com","careers@javelinagency.com,contact@javelinagency.com"
"Global Conductor","globalconductor.com","connect@globalconductor.com"
"Edge Testing Solutions Ltd","www.edgetesting.co.uk","contact@edgetesting.co.uk"
"Armanino McKenna","www.amllp.com","info@armaninollp.com"
"Virtacore Systems, Inc.","www.virtacore.com","sales@m3comva.com,support@virtacore.com,acct.dept@m3comva.com,noc@m3comva.com,clientservices@m3comva.com"
"Southern Cross Protection","sxprotection.com.au","s&#97;&#108;&#101;&#115;&#64;s&#120;&#112;r&#111;t&#101;&#99;t&#105;on&#46;&#99;&#111;&#109;.&#97;&#117;"
"Conectys","www.conectys.com","info@conectys.com"