agency name,website,emails
"sourcestream","sourcestream.de","info@sourcestream.de"
"Advatek","www.advatek.co.uk","info@advatek.co.uk"
"O-H Community Partners","ohcommunitypartners.com","info@ohcommunity.com"
"Net2Net IT Solutions","www.net2net-it.com","info@net2net-it.com"
"deNuvem","www.denuvem.com","info@denuvem.com"
"Thunder Consulting","thunder.consulting","info@thunder.consulting"
"Energise Web","www.energise.co.nz","info@energise.co.nz"
"Oxford Web Applications","www.oxfordwebapps.co.uk","hello@oxfordwebapps.co.uk"
"Spectreum LTD","www.spectreum.co.nz","hello@spectreum.co.nz"
"Tomato Fish Marketing","tomatofishmktg.com","team@tomatofishmktg.com"
"Computer Development Systems","www.cds-tech.com","info@cds-tech.com"
"Bluegrey Technologies","www.bluegreytech.com","info@bluegreytech.com"
"Coreway Solution","www.corewaysolution.com","info@corewaysolution.com"
"IT Respublica","www.itrespublica.eu","larisa.shilovets@itrespublica.eu,cd@dolomant.ru"
"MAMMOTH VR","www.mammothvr.com","info@mammothxr.com"
"Engine23","www.engine23.com","info@engine23.com"
"MR H IT","mrhit.co.uk","Enquiries@mrhit.co.uk,enquiries@mrhit.co.uk,support@mrhit.co.uk"
"Computer Maintenance Service","www.cmsnetworking.com","&#115;u&#112;por&#116;&#64;cm&#115;n&#101;&#116;&#119;ork&#105;&#110;g&#46;&#99;&#111;&#109;"
"Hopley Bone Accountants","www.hopleybone.com","enquiries@hopleybone.com"
"X1 Consulting, LLC","www.x1consulting.com","info@x1consulting.com"
"Jerika","www.jerika.ca","info&#64;&#106;&#101;&#114;i&#107;&#97;&#46;c&#97;"
"Axia CPQ","axiacpq.com","colby.kamin@axiacpq.com,info@axiacpq.com,peter.yurchision@axiacpq.com,adam.johnson@axiacpq.com"
"Professional Computer Services","www.professionalcomputerservices.ca","contactus@professionalcomputerservices.ca"
"Bluewire Solutions","bluewire.co.uk","info@bluewire.co.uk"
"Nextech Limited","nextech.com.bd","i&#110;&#102;o&#64;&#110;&#101;&#120;te&#99;h&#46;&#99;&#111;m.&#98;d"
"RMJ Consulting LLC","www.rmjconsulting.net","support@rmjconsulting.net"
"Utixo ltd","www.utixo.eu","sales@utixo.co.uk"
"Tafaseel Group","www.tafaseel.ae","info@tafaseel.ae"
"iRack Ltd","iracknet.com","support@iracknet.com"
"Shazeb ICT","www.shazebict.com","inquiry@shazebict.com"
"ExtendApps Consulting","www.extendapps.consulting","consulting@extendapps.com"
"Country Fried Creative","countryfriedcreative.com","info@countryfriedcreative.com"
"eTrepid","www.etrepid.com","&#105;&#110;&#102;&#111;&#64;&#101;tr&#101;pid.&#99;om"
"FUNCSHUN","www.funcshun.com","info@funcshun.com"
"Codevate","www.codevate.com","info@codevate.com"
"Noltic","noltic.com","mmaryniak@noltic.com,contact@noltic.com,vpetrovych@noltic.com,ipetrovych@noltic.com"
"Whiz To Coho Inc","www.coho.net","support@coho.net"
"Bromsbury Consulting","www.bromsbury.com","info@bromsbury.com"
"Anubbe","www.anubbe.com","hola@anubbe.com"
"Natejsoft","www.natejsoft.com","info@natejsoft.com"
"ASG Information Technologies","www.asgct.com","info@asgct.com"
"Phoenix-IT","www.phnxit.com","sales@PhnxIT.com "
"Wildfire Web Design","www.catchingwildfire.com","connect@catchingwildfire.com"
"Systems Support","www.systemsupport.com","i&#110;f&#111;&#64;s&#121;&#115;&#116;ems&#117;pp&#111;rt.&#99;&#111;&#109;"
"RoundWorks IT","www.roundworks-it.co.uk","in&#102;o&#64;r&#111;&#117;&#110;&#100;&#119;&#111;&#114;&#107;&#115;-&#105;t&#46;co&#46;&#117;&#107;,info@roundworks-it.co.uk"
"PEEXL LLC","www.peexl.com","contact@peexl.com"
"DPC Technology","www.dpctechnology.com","moliveira@dpctechnology.com"
"Harbor Technology Group","www.harbortg.com","mwebster@harbortg.com,jmoore@harbortg.com,info@harbortg.com,mmarkulec@harbortg.com"
"Eynon Software, LLC","www.eynon.software","support@eynon.software"
"Develin","www.develin.co.uk","contact@develin.co.uk"
"LAN Masters INC.","www.lanmasters.com"," tickets@lanmasters.com"
"Creative Design of Websites","www.designofweb.com","info@designofweb.com"
"Pixel Actions","www.pixelactions.com","info@pixelactions.com"
"Kimat Grupo Scanda","www.kimat.mx","atencion.kimat@scanda.com.mx,ate&#110;ci&#111;n.&#107;&#105;&#109;a&#116;&#64;s&#99;a&#110;&#100;a&#46;&#99;om.&#109;&#120;"
"Sabat","www.sabatinformatica.com","info@sabatinformatica.com"
"Superion Inc","www.superion.ca","info@superion.ca"
"Business Technologies Group","gobtg.com"," info@gobtg.com"
"Anril","anril.dp.ua","ok@anril.dp.ua"
"Rockbox Studios","rockboxstudios.com","edgar@rockboxstudios.com"
"Our IT Department","ouritdepartment.net"," info@ourITdepartment.net"
"Blueblood Solutions","www.blueblood.com.au","support@blueblood.com.au"
"MOTIFE","motifedigital.com","contact@motifedigital.com"
"Vision96","www.vision96.com","info@vision96.com"
"Bizople Solutions","www.bizople.com","info@bizople.com"
"DataSelf","www.dataself.com","in&#102;&#111;&#64;&#100;a&#116;&#97;&#115;&#101;l&#102;.&#99;o&#109;"
"Softally Bangladesh","www.softallybd.com","support@softallybd.com"
"South Gate Tech","southgate.tech","&#107;&#108;a&#114;&#97;&#64;sout&#104;g&#97;&#116;e&#46;tec&#104;,h&#114;&#64;so&#117;&#116;&#104;ga&#116;&#101;.&#116;&#101;&#99;h,&#97;n&#100;&#114;&#101;a&#64;s&#111;ut&#104;&#103;a&#116;&#101;&#46;t&#101;&#99;&#104;,kamen&#46;b&#111;&#99;&#104;&#101;&#118;&#64;&#115;&#111;&#117;th&#103;&#97;&#116;&#101;&#46;&#116;ech"
"Workablecom Software House","www.workablecom.ch","customercare@workablecom.ch"
"BiLiG_OpEx & CyberWorkForce RPA Consultants","www.bilig.co.uk","info@bilig.co.uk"
"Quantum Business Consulting, Inc","www.qbcco.com","mbishop@qbcco.com"
"Listbroker.com","listbroker.com","lists@listbroker.com"
"Multibrand Infotech Ltd.","multibrandinfotech.com","mail@domain.com"
"iDreams Technologies","www.idreamstech.com","ashish@idreamstech.com"
"Prosol Technologies","prosol.co.ke","webmaster@prosol.co.ke"
"CrowdEmotion","www.crowdemotion.co.uk","hello@crowdemotion.co.uk"
"Digital Tactics Ltd.","www.digitaltactics.co.uk","info@digitaltactics.co.uk"
"Continuity Studios","continuitystudios.co.uk","info@continuitystudios.co.uk"
"Graphware","graphware.net","office@graphware.net"
"Scalar Software","scalarsoftware.com","contact@scalarsoftware.com"
"SpiderLily Web Design","spiderlilyweb.com","info@SpiderLilyWeb.com"
"Evosolve","evosolve.org","info@evosolve.org"
"TurkReno Incorporated","turkreno.com","hello@turkreno.com"
"NorthPort Technology Solutions Inc.","npts.ca","info@npts.ca"
"Vonnda","www.vonnda.com","hello@vonnda.com"
"Elitser Recruitment Services","www.elitrecruit.com","info@elitrecruit.com"
"Juran Consultants","juranconsultants.com","services@juranconsultants.com,jc@juranconsultants.com"
"Web Services Manster","www.manster.com","info@manster.com"
"M.IT.S Co.","www.mits-co.com","info@mits-co.com,support@mits-co.com"
"AlMantaq Technologies","www.almantaq.com","sales@almantaq.com"
"Consulteks Solutions Group","www.consulteks.com","info@consulteks.com"
"Inverselogic, Inc","www.inverselogic.com","info@inverselogic.com"
"5Q Cyber","www.5qcyber.com","info5qc@5qcyber.com"
"KINC (Agency)","kinc.com","hello@kinc.com,careers@kinc.com"
"Information Consultants, Inc. (ICONS Inc)","icons-inc.com","customercare@icons-inc.com,support@icons-inc.com"
"Orbit Techno","www.orbit-techno.com","orbittechno.bd@gmail.com"
"Connect IT","connectit.com.au","askus@connectit.com.au"
"Digidyne","www.digidynesolutions.com","info@digidynesolutions.com"
"DataMart, Inc.","www.datamartinc.com","info&#64;datamar&#116;&#105;&#110;c&#46;c&#111;&#109;"
"Digital Enterprise BD Ltd.","digitalenterprisebd.com","&#105;nf&#111;&#64;di&#103;&#105;&#116;&#97;&#108;ent&#101;rp&#114;&#105;s&#101;b&#100;.co&#109;"
"ITSOL","itsol.vn","partner@itsol.vn"
"Techniqol Consulting","www.techniqol.com","info@techniqol.com"
"Granite Computer Solutions","www.gcs-az.com","info@gcs-az.com"
"Top Notch Technology, Inc.","www.topnotchtechnology.com","info@topnotchtechnology.com"
"Concept Management Consulting Ltd","www.conceptmanagement.co.uk","justask@conceptmanagement.co.uk"
"INTELITECHS","intelitechs.com","Info@INTELITECHS.com,info@intelitechs.com"
"Network Engineering","www.ne-inc.com","sales@ne-inc.com"
"XLAR Technologies Pvt. Ltd.","www.xlartech.com","info@xlartech.com"
"Fuseology Creative","fuseologycreative.com","michael@fuseologycreative.com"
"CATCH Intelligence","catchintelligence.com","info@catchintelligence.com,Info@catchintelligence.com"
"RockCyber, LLC.","rockcyber.com","info@rockcyber.com"
"Fruitful Media Ltd","www.fruitfulmedia.com","support@fruitfulmedia.com,hello@fruitfulmedia.com"
"Assai Web Design","sequimcomputer.com","info@assai.tech"
"Western Australia Information Technology Services","wainformationtechnologyservices.com.au","steve@wainformationtechnologyservices.com.au"
"DanTech Services, Inc.","www.dantechservices.com","info@dantechservices.com"
"SmartCalling","smartcalling.co.uk","info@smartcalling.co.uk"
"KSP Technology","ksp.ca","&#73;&#110;f&#111;&#64;&#107;sp.c&#97;"
"Astrolabe Accountancy","www.astrolabeacc.com.au","info@astrolabeacc.com.au"
"Inception Network Strategies","www.inceptionnet.com","sales@inceptionnet.com,service@inceptionnet.com"
"SOL-I.S. Technology Solutions","sol-is.com","info@sol-is.com"
"TI CHILE","www.tichile.cl","ventas@tichile.cl"
"Mlode IT Solutions","mlodeit.com","sales@mlodeit.com"
"Technosophie","www.tecnosophie.com","info@tecnosophie.com.ar"
"Konnected Systems","www.konnectedsystems.ca","info@konnectedsystems.ca"
"M3MCom","www.m3mcom.pl","biuro@m3mcom.pl"
"OverDrive IT","www.overdrive-it.net","s&#97;&#108;&#101;s&#64;o&#118;&#101;&#114;&#100;&#114;i&#118;e&#45;&#105;&#116;.net"
"Network Heroes","www.network-heroes.com","info@network-heroes.com"
"Metro Network Solutions, Inc.","metronetworksolutions.com","info@metronetsys.com"
"ETech Solution Ltd","www.etechbd.net","info@etechbd.net"
"TechVoo","www.techvoo.com","info@techvoo.com"
"Perfect Leap Technology Inc","www.perfectleap.com","contact@perfectleap.com"
"Core","wearecore.co.uk","hello@wearecore.co.uk"
"Speakserve","www.speakserve.com","hello@speakserve.com"
"Secada Consulting","secadaconsulting.com","info@secadaconsulting.com"
"Onestop","onestopit.com","servicedesk@onestopit.com,sales@onestopit.com"
"Zapalean","zapalean.com","info@zapalean.com"
"Diyital World by Corporate Business","www.diyitalworld.com","info@diyitalworld.com"
"SanComp","www.sancomp.com","Info@SanComp.com"
"Luminant Digital Security","www.luminantsecurity.com","&#105;n&#102;o&#64;&#108;u&#109;&#105;n&#97;n&#116;s&#101;c&#117;ri&#116;&#121;&#46;&#99;&#111;m,info@luminantsecurity.com"
"Techloyce LTD","www.techloyce.com"," info@techloyce.com"
"Database Technologies Ltd.","database-technologies.com","teammembers@database-technologies.com"
"Coding Hub Costa rica","www.codinghubcr.net","i%6e&#102;o&#64;c&#111;d&#105;%6e%67%68%75&#98;&#99;%72&#46;&#110;e%74,info@codinghubcr.net "
"GNP Brasil","gnpbrasil.com.br","carolbrasil@gnpbrasil.com.br"
"Extraordinary Managed Services","www.extraordinarymanagedservices.com","sales@extramsp.com"
"Nuesion","nuesion.com","info@nuesion.com"
"Ground Floor","groundfloor.lv","takemebackplease@groundfloor.lv,makingfriends@groundfloor.lv,experience@groundfloor.lv"
"Best Marketing Network Inc.","www.misterwebpage.com","sales@bestmarketingnetwork.ca"
"Mino IT Managed Services","minoit.com.au","info@minoit.com.au"
"Goo Apps","gooapps.es","hello@gooapps.net,info@gooapps.net"
"WAYS Infotech","www.waysinfotech.com","enquiries@waysinfotech.com,enquiry@waysinfotech.com,careers@waysinfotech.com"
"Clearstream Group","www.clearstreamtechnology.co.uk","support@clearstreamgroup.co.uk"
"BeckTek","www.becktek.ca","ask&#64;be&#99;&#107;t&#101;k&#46;&#99;&#97;"
"ProMAS","promas.net","info@promas.net"
"Kluster Intelligence","kluster.com","info@kluster.com"
"Integralware","www.integralware.mx","contacto@integralware.com.mx"
"Mettle Computer Solutions, LLC","www.mettlecomputer.com","web@mettlecs.com"
"Network Resource Technologies","www.networkresourcetech.com","in&#102;&#111;&#64;&#110;&#101;tw&#111;&#114;k&#114;&#101;&#115;&#111;&#117;&#114;cete&#99;h&#46;&#99;&#111;&#109;,info&#64;netwo&#114;&#107;&#114;e&#115;&#111;u&#114;&#99;&#101;&#116;&#101;&#99;h.co&#109;"
"Network Services Group, LLC","www.nsgroupllc.com","&#115;&#117;&#112;&#112;&#111;&#114;&#116;&#64;&#110;&#115;&#103;&#114;&#111;&#117;&#112;&#108;&#108;&#99;&#46;&#99;&#111;&#109;"
"RoyCon Technologies","www.roycon-tech.com","info&#64;roycon-tech.com,in&#102;o&#64;&#114;&#111;ycon&#45;t&#101;&#99;&#104;&#46;co&#109;"
"PCe Solutions","www.pcesolutions.ca","info@pcesolutions.net"
"DevoTech","devo-tech.com","info@devo-tech.com"
"CommWest","commwestcorp.com","&#105;nf&#111;&#64;co&#109;mwe&#115;&#116;&#99;&#111;&#114;p&#46;&#99;om"
"Azoncode","www.azoncode.com","sales [at] azoncode.com"
"Bredvid AS","bredvid.no","kontakt@bredvid.no"
"RNTrust","www.recro.ae","sales@rntrust.ae,sales@rn-trust.com,sales@recro.ae"
"Computer Repair Specialists","www.repairspecialists.co.nz","info@repairspecialists.co.nz"
"WonderBits","www.wonderbits.net","hello@wonderbits.net"
"Novus Computers","novus-computers.com","web@novus-computers.com"
"Security Pursuit, LLC","www.securitypursuit.com","info@securitypursuit.com"
"Upright Technologies","www.upright.tech","in&#102;o&#64;&#117;prig&#104;t&#46;&#116;e&#99;&#104;"
"Stitch Communications","www.talkwithstitch.co.uk","stitch@deloitte.co.uk"
"ComTech Consulting, LLC","comtechsbs.com","Sales@ComTechSBS.com,&#83;ales&#64;&#67;o&#109;&#84;&#101;c&#104;SBS.c&#111;m"
"Capitol Technology Solutions","capitol.technology","hello@capitol.technology"
"Phoenix Software","phoenixsoftbd.com","info@phoenixsoftbd.com,info@phoenixsoftbd.com, marketing@phoenixsoftbd.com"
"POS hawaii","businessplanshawaii.com","valerie@businessplanshawaii.com"
"AD System Asia Co., Ltd.","www.adsystemasia.com","info@adsystemasia.com,info@adsystem.it"
"Agharass Group Consulting","agc.ma","contact@agc.ma"
"Masterclass Solutions","www.masterclass.co.ke","i&#110;fo&#64;&#109;a&#115;t&#101;&#114;&#99;la&#115;s&#46;&#99;&#111;&#46;ke"
"Bluebay Systems Limited","www.bluebaysystemsltd.com","info@example.com"
"Komodo Cloud, LLC","www.komodocloud.com","#"
"UX Bucharest","2017.uxbucharest.com","contact@uxbucharest.com"
"ARS DATA","www.arsdata.io","hello@arsdata.io"
"LA Creative Technologies","lacreativetech.com","inquiries@lacreativetech.com"
"IT Acceleration","www.itacceleration.com","info@itacceleration.com"
"Next Generation Information Technology","www.nxgit.com","#0"
"Larry The Computer Guy","www.larrycomputerguy.com","s&#97;l&#101;s&#64;&#108;a&#114;ry&#99;o&#109;pu&#116;erg&#117;&#121;.&#99;o&#109;"
"Adagal Sistemas","www.adagal.net","contacta@adagal.es,contacta.es"
"The Shumaker Technology Group","shumakergroup.com","info@shumakergroup.com"
"Adamant Sec","adamantsec.com","general@adamantsec.com"
"Data Store 365 Limited","www.datastore365.co.uk","info@datastore365.co.uk"
"IQ Hosting","www.iq-hosting.com","info@iq-hosting.com"
"Cubezix Business Technologies","www.cubezix.com","info@cubezix.com"
"Grid Group AS","www.gridgroup.ee","info@gridgroup.ee"
"RedSand","redsand.vn","i&#110;fo&#64;r&#101;&#100;s&#97;n&#100;&#46;v&#110;"
"Simplify Technology, LLC","www.simplifytech.com","justis@simplifytech.com,troy@simplifytech.com,info@simplifytech.com,adam@simplifytech.com"
"Blue Profile Ltd","www.blueprofile.co.uk","info@blueprofile.co.uk"
"Jadukor IT","jadukor.com","info@jadukor.com"
"Polygon Technology","www.polygontechnology.org","contact@polygontechnology.org"
"Ventura Tech Inc.","www.ventura-tech.com","info@ventura-tech.com,sales@ventura-tech.com"
"Simplegrid Technology, Inc.","www.simplegrid.com","info@simplegrid.com"
"Business Technology Consulting","btc-me.com","info@btc-me.com"
"Datatrix Soft","www.datatrixsoft.com","info@datatrixsoft.com"
"BlackStone Associates - Technical Support Services","www.ba-tss.co.uk","contact@ba-tss.co.uk,helpdesk@ba-tss.co.uk"
"XS Consulting Group","www.xsconsulting.com","xsinfo@xsconsulting.com"
"Computer And Technology Solutions, Inc","www.catsws.com","service@catsws.com"
"Tax4u","www.tax4u.com.au","info@tax4u.com.au"
"Wasi Tech Systems","wasitechsystems.com","info@wasitechsystems.com"
"Novatia Consulting Limited","www.novatiaconsulting.com","info&#64;novatia&#116;&#114;&#97;nsla&#116;&#105;on&#115;.&#99;o&#109;,&#105;&#110;&#102;&#111;&#64;n&#111;v&#97;t&#105;ac&#111;&#110;s&#117;l&#116;&#105;&#110;g&#46;c&#111;m"
"Kingtech Partners","ktpartners.com.au","service@ktpartners.com.au"
"Moonleet Solutions","www.moonleet.co","sales@moonleet.co"
"eTech Consulting","etechconsulting.com.au","4&#0097;&#0110;&#0116;&#0104;&#0111;&#0110;&#0121;&#0064;&#0101;&#0116;&#0101;&#0099;&#0104;&#0099;&#0111;&#0110;&#0115;&#0117;&#0108;&#0116;&#0105;&#0110;&#0103;&#0046;&#0099;&#0111;&#0109;&#0046;&#0097;&#0117;"
"Kamloops Computer Centre","www.kcc.ca","support@kcc.ca,sales@kcc.ca"
"Nwaj Tech","nwajtech.com","support@nwaj.tech"
"Broscorp","broscorp.net","contact@broscorp.net"
"Omnycode","www.omnycode.com","info@omnycode.com"
"Preterion","www.preterion.com","enquiries@preterion.com"
"Yellow Circle Web Solutions Limited","www.yellowcircle.co.uk","hello@yellowcircle.co.uk"
"Sertechma","www.sertechma.com","info@sertechma.com"
"Intersmart Development","www.sapphiro.com","group@sapphiro.com"
"Australia Wide IT","www.australiawideit.com.au","help@australiawideit.com.au"
"Delovnia","www.delovnia.com","info@delovnia.com"
"Chroma Recruitment Limited","chromarecruitment.com","enquiries@chromarecruitment.com"
"Webenergy","webenergy.ca","info@webenergy.ca"
"Atech BD","atechbd.net","info@atechbd.net,226arif@gmail.com"
"Web Development Group","www.wdgco.com","info@wdgco.com"
"Odex Perú","www.odex.com.pe","hola@odex.com.pe"
"RebootTwice LLC","reboottwice.com","Email: sales@reboottwice.com"
"Grand Consulting","www.grandconsulting.com","hello@grandconsulting.com"
"Biconst","biconst.com","info@biconst.com,&#105;&#110;f&#111;&#64;bi&#99;o&#110;st&#46;co&#109;"
"Infoistic","www.infoistic.com","contact@infoistic.com"
"Agencia de Marketing Digital AMD","paginas-web.com.co","info@agenciadigitalamd.com"
"Blast Off Apps","blastoffapps.com","MissionCommand@blastoffapps.com"
"Longhurst Consulting","www.longhurstconsulting.com","info@longhurstconsulting.com"
"Indica Digital","www.indicadigital.com","contact@indicadigital.com"
"MintTec","www.minttec.com","hello@forfusion.com"
"TechSage Solutions","www.techsagesolutions.com","i&#110;&#102;&#111;&#64;&#116;e&#99;h&#115;a&#103;&#101;&#115;&#111;&#108;u&#116;i&#111;&#110;s&#46;&#99;&#111;m"
"DME Computer Services","www.dmeomaha.com","&#105;&#110;fo&#64;dmeo&#109;a&#104;&#97;.co&#109;,info@dmeomaha.com"
"Connect Consulting Services","connectconsulting.biz","Connect@ConnectConsulting.biz"
"Sabrhub Technologies","sabrhub.com","Sabrhubtech+w@gmail.com"
"Science Retail","www.scienceretail.com","andy@scienceretail.com,info@scienceretail.com"
"Podium IT","podiumit.com.au","info@podiumit.com.au"
"Ingress IT Solutions","www.ingressit.com","support@ingressit.com"
"I am Your Web Guy","www.iamyourwebguy.com","iamyourwebguy@gmail.com"
"Safnah.com","www.safnah.com","info@safnah.com"
"Secure End Solution Inc","securendsolution.com","helpdesk@securendsolution.com"
"LogicalTrust.net","logicaltrust.net","office@logicaltrust.net"
"Lucid UX","lucidux.com","hello@lucidux.com"
"Tech Ventures","techventures.ae","&#115;ale&#115;&#64;c&#111;n&#115;&#117;&#108;tingwp.c&#111;m,&#105;n&#102;&#111;&#64;te&#99;h&#118;&#101;&#110;t&#117;&#114;&#101;&#115;.a&#101;,&#104;e&#97;d&#64;&#99;o&#110;s&#117;&#108;&#116;in&#103;w&#112;&#46;com, info@techventuresglobal.com,p&#97;&#108;mage&#110;cy&#64;c&#111;n&#115;u&#108;tin&#103;w&#112;&#46;co&#109;,&#104;e&#97;&#100;&#64;&#99;on&#115;&#117;lt&#105;ng&#119;p.&#99;&#111;&#109;,&#115;&#97;&#116;&#101;l&#108;&#105;&#116;e&#64;&#99;o&#110;sult&#105;&#110;&#103;wp&#46;c&#111;&#109;,s&#97;&#116;ellit&#101;&#64;cons&#117;lti&#110;&#103;&#119;p.c&#111;m,i&#110;f&#111;&#64;t&#101;&#99;hve&#110;&#116;u&#114;&#101;s.a&#101;"
"Applied Data Science","applied-data.science","hello@adsp.ai"
"Hudson River Technologies","hrt.bz","info@hrt.bz"
"Allra Atta","www.8.is","8@8.is,bokhald@8.is"
"MyITProTec","www.myitprotec.net","Contact@MyITProTec.ca"
"IT Solutions Qatar Co WLL","www.itsqatar.net","sales@itsqatar.net,info@itsqatar.net"
"SproutDesk","www.sproutdesk.co.uk","rhys@sproutdesk.co.uk"
"BTL Brands Ltd","www.btlbrands.com","stu@btlbrands.com"
"NexLynx, Inc.","www.nexlynx.com","sales@NexLynx.com"
"i2ent","www.i2ent.com","info@i2ent.com"
"L A Technologies","www.latechnologies.net","support@latechnologies.net,contact@latechnologies.net"
"Sierra Cyber Security","www.sierracybersecurity.com","sales@sierracybersecurity.com"
"Hanebutt Technologies","www.hanebutt.com","info@hanebutt.com"
"Suggestv Ltd","www.suggestv.io","publishers@suggestv.io,james@suggestv.io"
"SouthcoastIT","www.scocit.com","info@scocit.com"
"Data Cowboys","www.data-cowboys.com","sergey@data-cowboys.com"
"Media Informatica","www.mediainformatica.com","info@mediainformatica.com"
"Bendigo Marketing","www.bendigomarketing.com.my","info@bendigomarketing.com.my"
"Paralogic Networks","paralogicnetworks.co.uk","hello@paralogic.co.uk"
"BFAA Accountants","www.bfaa.com.au","admin@bfaa.com.au"
"Namastech","www.namastech.com","namastech@namastech.com"
"Project Brilliant, LLC","www.projectbrilliant.com","agile@projectbrilliant.com"
"Videre Analytics Ltd","videreanalytics.ca","contact@videreanalytics.ca/,contact@videreanalytics.ca,c&#111;nt&#97;c&#116;&#64;v&#105;de&#114;e&#97;n&#97;ly&#116;i&#99;s&#46;ca"
"Mumford Connect Web Design","mumfordconnect.com","info@mumfordconnect.com"
"EBITConsultancy","ebitconsultancy.co.uk","info@connectus.org.uk"
"Gateway Information Technology","www.gatewayit.net","webadmin@gatewayit.net"
"Xperts Unlimited Inc.","www.xpertsunlimited.com","info@xpertsunlimited.com"
"Galis Technology","gtnc.net","&#105;nf&#111;&#64;g&#97;l&#105;s&#116;ec&#104;netw&#111;r&#107;.&#99;om"
"51zero","www.51zero.com","enquiries@51zero.com"
"VastyHost","www.vastyhost.com","support@vastyhost.com,support@examples.com,noc@vastyhost.com"
"Orbis Solutions, Inc","www.orbissolutionsinc.com","s&#117;&#112;&#112;or&#116;&#64;&#111;rb&#105;s&#115;olu&#116;i&#111;ns&#105;nc.&#99;om"
"2GSoft S.A.","2gsoft.com.ar","info@2gsoft.com.ar"
"ARCA Information Security Services","www.arcainfosec.com","info@arcainfosec.com"
"Bitfia Labs Pte Ltd","www.bitfia.io","support@bitfia.io"
"Tallega Software","www.tallega.com","info@instreamllc.com"
"Solweavers","solweavers.com","info@solweavers.com"
"Criterionet","criterionet.com","soporte@criterionet.com"
"Massive","www.itsmassive.com","info@itsmassive.com"
"John W. Hopton Pty Ltd","www.johnwhopton.com.au","admin@johnwhopton.com.au"
"Imagine Technologies BD. Ltd.","www.imaginebd.com","maher.murshed@imaginebd.com,anwar.ali@imaginebd.com"
"Shamrock Digital","www.shamrockdigital.com","web@shamrockdigital.com"
"Xervant Cyber Security","www.xervant.com","info@xervant.com"
"Bridgewater Consulting","www.bridgewatercs.com","admin@bridgewatercs.com"
"Web baja","www.wbaja.com","mexicali@wbaja.com"
"KINETIKON","www.kinetikon.com","kinetikon@pec.it,info@kinetikon.com"
"WJP Technology Consultants","www.wjptech.com","in&#102;&#111;&#64;&#119;j&#112;te&#99;h.c&#111;m"
"Prostir","prostir.one","contact@prostir.one "
"Summit Advisors, LLC","summit-advisors.biz","contactus@summit-advisors.biz"
"Zablesoft","zablesoft.com","contact@zablesoft.com"
"HELPNET","www.help-net.net","solutions@help-net.net"
"Hatton Point, Inc","hattonpoint.com","info@deviq.io"
"Twist Interactive Design Limited","www.twist-id.co.uk","hello@twist-id.co.uk"
"Computer Doctor","www.lrcomputerdoctor.com","jcryer11@aol.com"
"Web Publishing House","www.wph.bg","office@wph.bg"
"Napal Innovation","www.napal-innovation.xyz","contact@napal-innovation.xyz"
"Biztech Australia","www.biztech.com.au","sales@biztech.com.au"
"appcuisine GmbH","appcuisine.de","info@unitedcuisines.com"
"Pixo Host","www.pixo.host","support@pixo.host"
"TPS Engage","www.tpsengage.com","hello@tpsengage.com,dpo@tpsengage.com"
"Spiderweb Computers","www.spiderwebak.com","info@spiderwebak.com"
"ZionSupport","www.zionsupport.com.uy","info@zion.com.uy"
"PointerArray","pointerarray.com","contact@pointerarray.com"
"WINKAM Lab","winkam.com","algos@winkam.com"
"Black Bits","blackbits.io","hello@blackbits.io"
"S-Digital Ltd","www.s-digital.co.uk","sales@s-digital.co.uk"
"Lucid Networks Ltd","www.lucidnetworks.co.uk","hello@lucidnetworks.co.uk"
"Sysbee","www.sysbee.net","&#x0069;&#x006E;&#x0066;&#x006F;&#x0040;&#x0073;&#x0079;&#x0073;&#x0062;&#x0065;&#x0065;&#x002E;&#x006E;&#x0065;&#x0074;"
"E-Solution","e-solution.ma","contact@e-solution.ma"
"PRIME Software Plc","primetechplc.com","info@primetechplc.com,info@primtechplc.com"
"bitcrowd GmbH","bitcrowd.net","info@bitcrowd.net"
"Corporate West Computer Systems","www.corpwest.com","sales@corpwest.com"
"The Majordomo","themajordomo.com","contact@themajordomo.com"
"The Ionado Group","ionadogroup.com","info@ionado.com"
"Firefly Network Services","fireflytech.us","don@fireflytech.us"
"Idesoftbcn","idesoftbcn.com","info@idesoftbcn.com"
"ApacheBooster","www.apachebooster.com","support@apachebooster.com"
"IT Solutions Plus","www.itsplus.com.au","info@itsplus.com.au"
"Appscode Ltd.","appscode.com","support@appscode.com"
"Intellect Software Ltd","intels.co","softslab@gmail.com"
"Redwire Data Centre","redwiredc.co.uk","enquiries@redwiredc.com"
"Berea","www.berea-group.com","info@berea-group.com"
"InfinityBeam IoT Labs","infinitybeam.io","contact@infinitybeam.io"
"Orès Data Science","oresdatascience.com","contact@oresdatascience.com"
"Priority Works","priority.works","support@priority.works"
"BMT - Business Marketing Tools","www.bmt-business.co.il","info@bmt-business.co.il"
"Upland Digital","upland.digital","dt@upland.digital,office@upland.digital"
"iWebSource Solutions","www.iwebsource.net","support@iwebsource.net"
"iT Pilots","itpilots.com","info@itpilots.com"
"ABC Consulting Torino","www.abcconsultingtorino.com","abc_cons@iol.it"
"Altabos","altabos.com","info@altabos.com"
"Intellitive Solutions Inc.","www.intellitivesolutions.com","info@intellitivesolutions.com"
"Xccelero","www.xccelero.com","&#119;&#101;&#99;an&#104;elp&#64;&#120;cce&#108;e&#114;o&#46;c&#111;&#109;"
"Nerd Crossing","nerdcrossing.com","info@nerdcrossing.com"
"Sage Renewable Energy Consulting","www.sagerenew.com","info@sagerenew.com"
"Iraqi Cloud","iraqi-cloud.net","info@iraqi cloud .com"
"WireBuilt Company","www.wirebuilt.com","webmaster@wirebuilt.com"
"IDeepeners Private Limited","www.ideepeners.com","info@ideepeners.com"
"Enhacke","www.enhacke.com","informes@enhacke.com"
"OneSource Technology","www.onesourcetechnology.com","solutions@onesourcetechnology.com"
"PNCIT","pncit.com","contact@pncit.com,support@pncit.com"
"IT System House LLC","www.itsystemhouse.com","info@itsystemhouse.com,sales@itsystemhouse.com,Sales@itsystemhouse.com"
"EngineRoom.io®","www.engineroom.io","info@engineroom.io"
"KDM","kdm.digital","info@kdm.digital"
"Webar Interactive","www.webar.net","ar@webar.net"
"Iron Bastion","www.ironbastion.com.au","hello@ironbastion.com.au"
"Blue K LLC","www.bluek.com","web@bluek.com,it@bluek.com"
"LDD, Inc.","lddconsulting.com","info@lddconsulting.com"
"Datrock","datrock.co","scraping@datrock.co"
"SoftSeq","softseq.com","security@softseq.com"
"ApexPriv","www.spiderguard.io","admin@spiderguard.io"
"Hashtag Consulting","www.hashtag-global.com","info@hashtag-global.com"
"Sunnah software","sunnahsoftware.com","info@sunnahsoftware.com"
"Digital Minds International","www.dmisys.com","sal&#101;&#115;&#64;&#100;&#109;&#105;&#115;&#121;s&#46;c&#111;m"
"Delta AI","www.delta-ai.com","diego.montoliu@delta-ai.com,david.ferrin@delta-ai.com"
"Digital Heart","www.dgtlheart.com","mike@dgtlheart.com,hello@dgtlheart.com"
"CISMO Corporation","cismocorporation.com","info@cismocorporation.com"
"Tzu and Co.","tzuand.co","accounts@tzuand.co"
"Chicago Technology Advisors","chitechadvisors.com","support@psmpllc.com,sales@psmpllc.com"
"Calitso","calitso.com","info@calitso.com"
"dnc-algo","dnc-algo.com","teddy@dnc-algo.com"
"Beyond IT Support","www.beyonditsupport.com","info@beyonditsupport.com"
"RESTGroup","restgroup.pl","c&#111;n&#116;&#97;c&#116;&#64;restg&#114;ou&#112;&#46;&#112;&#108;"
"Baltimore Computer Solutions LLC","baltimorecomputersolutions.net","brian@baltimorecomputersolutions.net"
"DNK Software","dnksoft.vn","contact@dnksoft.vn"
"DBL","www.dblogic.co.uk","sales@dblogic.co.uk,support@dblogic.co.uk,simon.sibley@dblogic.co.uk,brian.roberts@dblogic.co.uk,dave.barrett@dblogic.co.uk,jamie.langston@dblogic.co.uk"
"Deployflow","www.deployflow.co","info@deployflow.co"
"Lucky Web Solutions","www.lucky-websolutions.com","supportca@lucky-websolutions.com,officeca@lucky-websolutions.com"
"Xanthic Business Point","xanthicbp.com","support@xanthicbp.com"
"UX Design Collective","www.uxdesigncollective.com","hello@uxdesigncollective.com"
"Internet Overal B.V.","internetoveral.nl","info@geefirm.com"
"NexOne Technologies","www.nexoneit.com","support@nexoneit.com"
"Xsosys Technology","www.xsosys.com","sales@xsosys.com"
"D1 Networks","www.d1networks.net","Service-US@d1networks.net,Service-ID@d1networks.net,Service-SG@d1networks.net"
"SmithBrown Marketing","smithbrownmarketing.com","kara@smithbrownmarketing.com"
"Superspace Creative","superspacecreative.com","mike@superspacecreative.com"
"OBG Ltd.","www.obg.ltd","jobs@obg.ltd,info@obg.ltd"
"Fujitech Technologies","www.fujitech.ca","info@fujitech.ca"
"Rubiks Digital","rubiksdigital.com","contact@rubiksdigital.com"
"CloudStream","www.cloudstreamtechnology.com","talk@cloudstreamtechnology.com"
"Durweb Website Designs","durweb.ie","info@durweb.ie"
"CloudBudget","www.cloudbudget.com","info@cloudbudget.com"
"Pillar","pillarstudio.com","henrique@pillarstudio.com,info@pillarstudio.com,onno@pillarstudio.com,jobs@pillarstudio.com"
"Zonda Studio","zondastudio.com","rodrigo@zondastudio.com"
"The Rysk Group","www.ryskgroup.com","info@ryskgroup.com"
"armely","www.armely.com","info@armely.com"
"Panoptic Technologies LLC","www.panop-tech.com","KeithP@panop-tech.com"
"10 Degrees","www.10degrees.uk","hello@10degrees.uk"
"Core Business","corebconsulting.com","contact@corebconsulting.com"
"Kloud9 Consulting","www.kloud9consulting.com","contact@kloud9consulting.com"
"DL Systems","dlsystemsgt.com","info@dlsystemsgt.com"
"Bytewize","www.bytewize.com.au","info@bytewize.com.au"
"Suraksha Information Security","suraksha.com.au","info@suraksha.com.au"
"CGH & Associates","www.cghca.com.au","info@cghca.com.au"
"Rubenstein-Justman Management Consultants","www.rjmc.net","RJMC@RJMC.net"
"Metamorphosis","www.metamorphosis.com.bd","info@metamorphosis.com.bd"
"Sysoft","www.sysoft.ca","info@sysoft.ca,myhelpdesk@sysoft.ca"
"Roberts Technology Solutions","www.robertstechs.com","i&#110;&#102;o&#64;&#114;&#111;be&#114;t&#115;&#116;&#101;&#99;&#104;&#115;&#46;&#99;om"
"4th and Bailey","www.4thandbailey.com","inquiries@4thandbailey.com"
"Pinnacle IT, Managed Services","www.pinnacleitcrew.com","&#115;u&#112;&#112;o&#114;&#116;&#64;&#112;inn&#97;c&#108;ei&#116;c&#114;&#101;w.&#99;o&#109;"
"4Truth Consulting","4truthwebdesign.com","Sales@4TruthWebDesign.com"
"Nology Networks","www.nologynetworks.com","sales@nologynetworks.com,support@nologynetworks.com,612-338-0838"
"Best IT Providers","bestitproviders.com","info@bestitproviders.com"
"Cage Data","www.cagedata.com","info@cagedata.com"
"Plan B Network Services, Inc","planbnetworkservices.com","info@planbnetworkservices.com"
"Bright Cloud Marketing, Inc.","www.brightcloudmarketing.com","Champion@BrightCloudMarketing.com"
"Soluciones Uno","www.solucionesuno.com","soporte@solucionesuno.com,comercial@solucionesuno.com"
"Alpha7","www.alpha7.co","contact@alpha7.com.sg"
"Frontgate Technology Solutions","www.frontgatetech.com","jennifer@frontgatetech.com"
"Defendza","www.defendza.com","connect@defendza.com"
"Sharp Brains Limited","www.sharpbrains.co.uk","info@sharpbrains.co.uk"
"Gridware Cybersecurity","www.gridware.com.au","&#105;n&#102;&#111;&#64;&#103;r&#105;&#100;&#119;ar&#101;.c&#111;m.a&#117;"
"Impelling Solutions Ltd","impelling.co.uk","info@impelling.co.uk"
"Fishnet NewMedia","www.ahoy.com","fishnet@ahoy.com"
"BIT Solutions","www.bitsolution.com.sg","tracy.lim@bitsolution.com.sg"
"Social POP","www.socialpop.com","jose@socialpop.com"
"DORN Cybersecurity","godorn.com","contact@godorn.com"
"Pikateck Sevices","www.pikateck.com","support@pikateck.com"
"Espinoza & Company CPA and IT Consulting","cpavirginiabeach.com","info@espinozacpa.com"
"inSKY","insky.digital","info@insky.digital"
"37 Communications","www.37comms.com","luminru@37comms.com"
"Partners in Regulatory Compliance","www.piregcompliance.com","info@piregcompliance.com"
"Marketingo Valdymas","marketingovaldymas.lt","vaiva@marketingovaldymas.lt"
"EmpresaTech Solutions LLC","www.empresatech.co","info@empresatech.co"
"Resonate Digital","www.resonate.digital","hello@resonate.digital"
"Measured Results Marketing","measuredresultsmarketing.com","yeti@measuredresultsmarketing.com"
"Maestro Solutions Ltd.","www.maestro.com.bd","info@maestro.com.bd"
"Drivetech, Inc.","drivetech.net","In&#102;&#111;&#64;dr&#105;&#118;&#101;t&#101;&#99;&#104;.&#110;&#101;t"
"Datacentreplus","www.datacentreplus.co.uk","support@datacentreplus.co.uk,sales@datacentreplus.co.uk"
"Leveldesk, Inc.","leveldesk.com","hello@leveldesk.com,&#104;&#101;&#108;lo&#64;le&#118;e&#108;d&#101;&#115;k.com,&#104;&#101;&#108;lo&#64;&#108;ev&#101;lde&#115;&#107;.&#99;om"
"Abangani Media","abanganimedia.co.za","info@abanganimedia.co.za"
"AMC Consult","amcbanking.com","info@amcbanking.pl,info@amcbanking.com"
"Tower Ventures Holdings, LLC","www.towerventures.com","info@towerventures.com"
"Quality IT Solutions by Excelling Services, LLC","www.qualityitsolutions.net","support@qualityitsolutions.net"
"Conlan Scientific","conlanscientific.com"," sales@conlan.io,sales@conlan.io"
"FT Technologies (T) Limited","www.ft.co.tz","example@mail.com"
"Cloud Clarity","www.cloudclarity.me","info@cloudclarity.me"
"Jaxon-Raye Enterprise Advisors","jaxonraye.com","marketing@jaxonraye.com"
"ahyoxsoft","ahyoxsoft.com","info@ahyoxsoft.com"
"Sinai RnD","www.sinai.io","serg@sinai.io,info@sinai.io"
"Cornerstone Technology","www.cornerstonetech.ca","help@cornerstonetech.ca"
"Platform 24","platform24.com.au","contact@platform24.com.au"
"Juice Creative","www.juice-creative.com","info@juice-creative.com"
"AIKnights.com","aiknights.com","g5plus@outlook.com"
"Zavvtech","www.zavvtech.com","ramesh.iyer@zavvtech.com"
"onthenetOffice","onthenetoffice.com","sales&#64;on&#116;hene&#116;&#79;ffic&#101;.&#99;om,&#115;a&#108;&#101;s&#64;&#111;&#110;t&#104;&#101;n&#101;&#116;&#111;&#102;fi&#99;e&#46;co&#109;"
"Spark Systems Limited","www.spark.com.bd","info@spark.com.bd"
"Custom Computer Services","ccsw.co.uk","enquiries [at] ccsw [dot] co [dot] uk"
"5K Technical Services","www.5ktech.com","info@5ktech.com"
"Sedulous Tech Solutions LLP","www.seduloustechnologies.com","admin@seduloustechnologies.com"
"Grove Technologies","grovetech.co","support@grovetech.co"
"ElasticHosts","www.elastichosts.com","sales@elastichosts.com"
"Intelligent Graphic and Code","www.igcenterprises.com","hello@igc.pm"
"Bridge IT Support","www.bridgeitsupport.com","&#105;&#110;f&#111;&#64;&#98;ri&#100;geI&#84;&#115;up&#112;or&#116;&#46;com"
"Outsource IT","www.outsourceit.com","sales@outsourceit.com"
"Maze Accounting","mazeaccounting.com.au","info@mazeaccounting.com.au"
"Alias Forensics","www.aliasforensics.com","agent@aliasforensics.com"
"PCL Solutions","pclsolutions.com","sales@pclsolutions.com,sales&#64;&#112;cls&#111;l&#117;&#116;i&#111;&#110;s&#46;&#99;&#111;&#109;"
"Livehopper","www.livehopper.com","contact@livehopper.com"
"Tewktech","www.tewktech.com","&#105;nf&#111;&#64;&#116;&#101;w&#107;&#116;&#101;&#99;h&#46;c&#111;&#109;"
"Genbright Solutions","www.genbrightkenya.co.ke","solutions@genbrightkenya.co.ke"
"Mind's Eye Presentations, Inc","www.mindseyeweb.com","info@mindseyeweb.com"
"Finchley Court","www.finchleycourt.co.uk","sales@finchleycourt.co.uk"
"Bbox Communication","www.bbox.it","mail@bbox.it"
"Simply Solutions","www.simplyyoursolutions.com","info@SimplyYourSolutions.com"
"North Peak IT","www.northpeakit.com","supp&#111;&#114;t&#64;&#110;o&#114;thp&#101;&#97;&#107;&#105;t&#46;&#99;om,support@northpeakit.com,&#115;&#117;p&#112;or&#116;&#64;&#110;&#111;&#114;&#116;hpea&#107;&#105;&#116;.com"
"Swift IT Solutions","swiftit.ae","info@swiftit.ae"
"Santa Clarita Consultants","www.scc-co.com","support@scc-co.com"
"Huma IT","www.humait.com","operations@humait.com"
"Frostbyte Interactive","www.frostbyteinteractive.com","team@frostbyteinteractive.com"
"Oliveasia.com","oliveasia.com","mail@oliveasia.com"
"IMSX","imsx.com.au","info@imsx.com.au"
"Red Apple Media","www.redapplemedia.com","info@redapplemedia.com"
"Irvine Consulting Services Inc.","www.irvineconsulting.com","&#105;&#110;&#102;o&#64;&#105;&#114;&#118;&#105;&#110;&#101;&#99;&#111;&#110;s&#117;&#108;&#116;in&#103;.&#99;o&#109;"
"Total Telco Group","totaltelco.com.au","sales@totaltelco.com.au"
"Cloudsyntrix","www.cloudsyntrix.com","info@cloudsyntrix.com"
"eWorX","www.eworx.com","sales@eworx.com"
"CodeSmith Tech Ltd.","www.codesmithtech.com","mashiur@codesmithtech.com,qazi.k.shams@codesmithtech.com,rajib@codesmithtech.com,sarwar@codesmithtech.com,nusrat@codesmithtech.com"
"Growth Spikes Technologies","growthspikes.com","info@growthspikes.com"
"Digital Pharos Inc.","digitalpharos.com","inquire@digitalpharos.com"
"Sofex Software Expertise Ltda","www.sofex.com.br","contato@sofex.com.br"
"Net3IT","www.net3it.com","info@net3it.com"
"Mild Fuzz","mildfuzz.com","john@mildfuzz.com"
"Louisville Tech.","louisvilletech.com","info@louisvilletech.com"
"Reliable","www.reliable-inc.ca","info@reliable-inc.ca"
"Human Resource Management System","www.hrmssingapore.com","sales@hrmssingapore.com"
"Edge IT","www.edgeit.co.uk","hello@edgeit.co.uk,help@edgeit.co.uk"
"Industry Mojo","www.industrymojo.com","info@industrymojo.com"
"DVP Technologies","www.dvptech.com","support@dvptech.com"
"Charm City Networks","charmcitynetworks.com","info@charmcitynetworks.com"
"Arrange Systems","www.arrangesystems.com","arrangesystems@gmail.com"
"BITS","helpmebits.com","info@helpmebits.com"
"JAJSolutions","www.jajsolutions.com","#"
"IT Service Architechs","www.itsatechs.com","&#105;&#110;&#102;&#111;&#64;&#105;t&#115;&#97;te&#99;&#104;s.c&#111;&#109;"
"Defend Wise","defendwise.com","&#115;&#117;p&#112;or&#116;&#64;de&#102;&#101;&#110;dw&#105;&#115;e.&#99;&#111;&#109;"
"Computation Ltd","www.computation.ca","service@computation.ca"
"Rainbow Riders","rainbowriders.dk","info@rainbowriders.dk"
"Giacom Cloud Market","cloudmarket.com","sales@giacom.com"
"Ten Bear Social","www.tenbearsocial.com","info@tenbearsocial.com"
"DenBe Computer Consulting","www.denbeconsulting.com","sa&#108;es&#64;&#100;e&#110;&#98;&#101;con&#115;u&#108;tin&#103;.&#99;om"
"Strait Web Solutions LLC","www.straitwebsolutions.com","roxi@straitwebsolutions.com"
"VooServers","www.vooservers.com","sales@vooservers.com"
"Resitek Information Technologies Inc.","www.resitek.com","info@resitek.com"
"Lo IT-Service","lo-it24.de","info@lo-it24.de"
"RMP Design & Marketing Ltd.","rmpdesign.com","hello@rmpdesign.com"
"Alpha Blockchain and Technology Consulting","www.alpha-blockchain.co","info@alpha-blockchain.co"
"Domain Digital","www.domaindigital.com.au","info@domaindigital.com.au"
"Analytics Led Intelligence - Omaha","www.alillc.com","Info@alillc.com"
"Autentek GmbH","www.autentek.de","info@autentek.de"
"Aprosoft Consulting and Training Corp.","www.aprosoft.com","info@aprosoft.com,careers@aprosoft.com"
"Above IT Beyond Consulting","www.aboveitbeyond.com","info@aboveitbeyond.com"
"OnTech Networks","ontechnetworks.com","info@ontechnetworks.com"
"SanadTech","www.sanadtech.com","contact@sanadtech.com"
"Pixolabs","www.pixolabs.com","hello@pixolabs.com"
"Silicon Plains, LLC","www.siliconplains.net","answers@siliconplains.net"
"Right People","rightpeople.uk.net","info@rightpeople.uk.net"
"DreamArt Designs","dreamartdesigns.com","&#105;&#110;fo&#64;&#100;&#114;&#101;am&#97;rt&#100;es&#105;&#103;&#110;&#115;.c&#111;&#109;"
"InAnalytica","inanalytica.com","hello@inanalytica.com"
"Caravan Interactive","www.crvn.net","jobs@crvn.net"
"Torusoft","torusoft.com","info@torusoft.com,joey@torusoft.com,support@torusoft.com,businessdog@torusoft.com,jeff@torusoft.com"
"Soren Innovations","soreninnovations.com"," info@soreninnovations.com,info@soreninnovations.com"
"Myriad Consulting","myriad.org.uk","enquiries@myriad.org.uk"
"IT TechPros, Inc.","www.it-techpros.com","sales@it-techpros.com"
"Netrocon Digital","www.netrocon.com","hr@netrocon.com,Accounts_US@netrocon.com"
"Computer Help LA","www.computerhelpla.com","info@computerhelpla.com,support@computerhelpla.com"
"BPOSYL Limited","www.bposyl.com","contact&#64;bposyl.com"
"Design Your Way","www.designyourway.ca","contact@designyourway.ca"
"SFP","sfp.net","support@sfp.net,hello@sfp.net"
"Fōcus IT","www.focusitstaffing.com","info@getinfocus.com"
"CANetworking","www.canetworking.com","info@canetworking.com"
"Emaar Technologies","www.emaartechnologies.com","info@emaartechnologies.com"
"eGuide Tech Allies","www.eguidetechallies.com","gperrine@eguidetechallies.com"
"Kansas Bankers Technologies, LLC","www.ksbanktech.com","info@ksbanktech.com"
"Octree Limited","www.octree.co.uk","sales@octree.co.uk"
"Zumzum Limitied","www.zumzum.co.uk","info@zumzum.co.uk"
"Online By Digital","www.webdesignservices.co.za","support@onlinebydigital.com"
"Silent4Business","www.silent4business.com","contacto@silent4business.com"
"Market Resonance","www.marketresonance.co.in","kmotwani@marketresonance.co.in"
"Cloud4 Computers","www.cloud4computers.co.uk","info@cloud4computers.co.uk"
"Vantisco S.R.L.S","vantisco.it","info@vantisco.it"
"Everbearing Services","www.everbearingservices.com","sales@everbearingservices.com,info@everbearingservices.com"
"CSI Computers LLC","www.csicomputersllc.com","raugustino@gmail.com"
"Logistics Consulting","www.logisticsct.com","support@logisticsct.com"
"Gillidanda","gillidanda.co.uk","contactus@gillidanda.co.uk"
"Power Computing","www.powercomputinginc.com","info@powercomputinginc.com"
"The Hare + The Tortoise","www.thehareandthetortoise.com","enquiries@thehareandthetortoise.com"
"Web Epoch","www.web-epoch.com","connect@web-epoch.com"
"Syrock LLC","syrock.com","info@syrock.com,i&#110;&#102;o&#64;&#115;&#121;&#114;ock.&#99;&#111;&#109;"
"NetEffects","www.neteffects.com.au","&lt;a href=&quot;mailto:info@neteffects.com.au&quot; data-gtm-label=&quot;Footer - Email Click&quot; data-gtm-action=&quot;Click to Email&quot;&gt;info@neteffects.com.au&lt;/a&gt;,info@neteffects.com.au"
"Technowave IT Consultants","www.technowave.co.uk","info@technowave.co.uk"
"Big Dog Digital","www.bigdog.ie","info@bigdog.ie"
"Kustom Sites","www.kustomsites.com","info@kustomsites.com"
"Virtually There","virtuallythere.co.za","info@virtuallythere.co.za"
"ReWeb","www.reweb.ma","contact@reweb.ma"
"MCG Studios","mcgstudios.co","admin@mcgstudios.co"
"The Guy Who Fixes Computers","theguywhofixescomputers.com","calvin@theguywhofixescomputers.com"
"Peraport Limited Company","www.peraport.net","info@peraport.net"
"James R. Elliot","www.unleashyourpower.com","james@unleashyourpwr.com"
"Data Perceptions Inc.","www.dataperceptions.com","contact-us@dataperceptions.com"
"UXLAB","uxlab.com.mx","hola@uxlab.com.mx"
"WhatArmy","whatarmy.com","sales@whatarmy.com,&#115;a&#108;&#101;&#115;&#64;&#119;ha&#116;a&#114;m&#121;.&#99;&#111;m"
"ITUtility.NET","www.itutility.net","sales@itutility.net,support@itutility.net,info@itutility.net"
"GoSmartMedia.com","gosmartmedia.com","support@gosmartmedia.com"
"Babitamedia","www.babita.it","hello@babitamedia.it"
"Inets","inetstz.com","info@inetstz.com"
"Crew Data Systems","www.crewdatasystems.com","Info@crewdatasystems.com"
"Syncoria Incorporated","www.syncoria.com","info@syncoria.com"
"IT Igniters","www.itigniters.com","info@itigniters.com"
"Strata Consulting Ltd","strataconsultingltd.co.uk","hello@strataconsultingltd.co.uk"
"TechNet","www.technetcomputing.com","rob@technetcomputing.com"
"Kinamic","kinamic.com","hello@kinamic.com"
"Caffeinated Computer Consulting","www.caffeinatedinc.net","info@caffeinatedinc.net"
"Sinntec","sinntec.com.mx","contacto@sinntec.com.mx"
"ROI Express","roiexpress.com","lateam@roiexpress.com,hello@divijobs.com"
"SpliceNet Legal Cybersecurity & Technology","www.splice.net","jgast@splice.net"
"RCS Technology Solutions","www.rcstechnologysolutions.com","info@rcstechnologysolutions.com"
"Techonsite","techonsite.com","solutions@techonsite.com"
"Dobre Consulting Services","www.dobreservices.com","info@dobreservices.com"
"MassMailer","massmailer.io","hello@massmailer.io"
"Rackbiss","www.rackbiss.com","contacto@rackbiss.com"
"CloudTechy","www.cloudtechy.com","kalrav@cloudtechy.com"
"AMP Systems","ampsysllc.com","sales@ampsysllc.com"
"Rakata Technology","www.rakata.co.uk","info@rakata.co.uk"
"Weeteam France","www.weeteam.com","hello@weeteam.com"
"South Carolina IT Support","www.scitsupport.com","&#105;nfo&#64;s&#99;&#105;ts&#117;&#112;&#112;o&#114;t&#46;&#99;o&#109;"
"CrossPath Telecom Network®","crosspath.net","sales@netgreene.com"
"Towering Media","toweringmedia.com","support@toweringmedia.com"
"MicroLogic Solutions","micrologic.com.sg","hotbox@micrologic.com.sg"
"Sysne","www.sysne.com.mx","contacto@sysne.com.mx"
"Yoong Solutions","yoong.vn","congnv@yoong.vn"
"I.T. how to","www.ithow2.com.au","support@ithowto.com.au "
"QStride","www.qstride.com","mailto:info@qstride.com"
"Spin Digital Consulting","spindc.com","info@spindc.com"
"NFT (Net Fusion Technology)","netfusiontechnology.com","info@netfusiontechnology.com"
"Custex","custex.net","connect@custex.net"
"Blacklight Solutions","www.blacklightsolutions.com","contact@blacklightsolutions.com"
"Stanfield IT","www.stanfieldit.com","info@stanfieldit.com"
"ALin IT&Design","www.alinit.com","contact@alinit.com"
"WS Technology Consulting","www.wstechconsulting.com","info@wstechconsulting.com"
"Aiticon","www.aiticon.com","info@aiticon.de"
"Qymatix Solutions GmbH","qymatix.de","info@qymatix.de"
"Cohn Consulting Corporation","www.cohnconsultingcorp.com","info@cohnconsultingcorp.com"
"Lumenia Consulting Services","lumenia.us","acortes@lumenia.us,ncabrales@lumenia.us"
"Infotech Computers","www.infotechcomputers.ca","sales@infotechtoronto.com"
"Justcomz (International) Pte Ltd","www.justcomz.com","support@justcomz.com"
"Axension Studios","www.axensionstudios.com","info@axensionstudios.com"
"Applidyne","www.applidyne.com.au","admin@applidyne.com.au"
"Doodle Inc.","doodlei.net","support@doodlei.net"
"TechBento","www.techbento.com","sup&#112;ort&#64;&#116;&#101;c&#104;b&#101;&#110;to.&#99;om"
"ArchiTech Solutions","www.atscr.com","info@atscr.net"
"Packet Layer","www.packetlayer.com","sales@PacketLayer.com,support@packetlayer.com,sales@packetlayer.com"
"Converged Technology","www.converged-technology.com","contact@converged-technology.com"
"TalhaSoft","talha.com.bd","contact@talha.com.bd"
"cyberspace analytics corporation","cyberspaceanalytics.com","info@CyberSpaceAnalytics.com"
"TACTfactory","www.tactfactory.com","contact@tactfactory.com"
"Solai & Cameron","solcam.com","info@solcam.com,admin@solcam.com"
"Cambridge Networks Ltd","www.cambridge-networks.co.uk","info@cambridge-networks.co.uk"
"Technoid","technoid.ae","mukesh@technoid.ae,info@technoid.ae"
"Bragg Tax & Accounting","bragg.net.au","info@bragg.net.au"
"Edlution","edlution.com.sg","sales@edlution.com.sg"
"Softvative Inc","www.softvative.com","contact@Softvative.com"
"Potomac Computer Services","www.potomacpctech.com","support@potomacpctech.com"
"Maple Computing","www.maplecom.co.uk","sales@maplecom.co.uk"
"Ariadne Digital","www.ariadnedigital.it","info@ariadne.it"
"SimplicIT","simplicit.support","info@simplicit.support"
"RAD Computing","radcomputing.com","info@radcomputing.com"
"Endless Technology Solutions","endlesstechsolutions.com","support@endlesstechsolutions.com"
"TechnoRoot Bangladesh","www.technorootbd.com","mail@example.com"
"WEM Technology Ltd.","wem.technology","support@wem.biz"
"Ignite Link","ignite.link","info@ignite.link"
"Data Path Ltd.","www.data-path.net","info@data-path.net"
"JRB Team","jrbteam.com","Info@JRBteam.com,&#83;&#97;&#108;&#101;s&#64;J&#82;B&#116;&#101;&#97;&#109;&#46;&#99;&#111;&#109;"
"DataVault Solutions","datavaultsolutions.com","h&#101;&#108;&#112;&#100;&#101;sk&#64;dv&#115;&#110;c&#46;c&#111;&#109;,helpdesk@dvsnc.com"
"Advanced Software & It Services Ltd","www.asit.com.bd","info@asit.com.bd"
"Kieri Solutions LLC","www.kieri.com"," info@kieri.com"
"FortyNorth Security","www.fortynorthsecurity.com","info@fortynorthsecurity.com"
"Vertical Web","vertical-web.com","info@vertical-web.com"
"Solution Consultants ICT LTD","www.solutionconsultants.co.uk","info@solutionconsultants.co.uk"
"Back Office Geeks","backofficegeeks.com","support@backofficegeeks.com"
"Bleuwire™","bleuwire.com","info@bleuwire.com"
"Xevol","xevol.com","kuka@xevol.com"
"BITCO LLC","businessitco.com","support@businessitco.com,michael@businessitco.com,dmitri@businessitco.com,alex@businessitco.com"
"DORALYA","www.doralya.com","admin@doralya.com"
"Specialized Systems Intergration Inc.","ssi-ky.com","info@ssi-ky.com"
"Scala Design","www.scaladesign.com","monica@scaladesign.com"
"Atlantic Data Forensics","www.atlanticdf.com","contact@AtlanticDF.com"
"SJC Business Management Inc.","sjcmanage.com","&#115;&#116;&#101;&#118;e&#64;s&#106;c&#109;&#97;na&#103;e.co&#109;"
"Cloudster Brasil","www.cloudster.com.br","atendimento@cloudster.com.br"
"ATEITIS","www.ateitis.com.ar","contacto@ateitis.com.ar"
"EQUINOX COMMUNICATION","www.equinoxcommunications.com","info@equinoxcommunications.com"
"SPC IT Limited","www.spcit.co.uk","&#104;e&#108;&#108;&#111;&#64;sp&#99;i&#116;&#46;co.uk"
"24online.jo","24online.jo","biz@24online.jo"
"Innovación Digital","innovaciondigital.ec","daniela.aguirre@innovaciondigital.ec,info@innovaciondigital.ec"
"Sweilem Software And Web Development","sweilem.net","info@sweilem.net"
"Polyphonic & Co.","www.polyand.co","GOODMORNING@POLYAND.CO"
"North Atlantic Networks","nan.com","sales@nan.com"
"Codiit","www.codiit.com","nfo@codiit.com,info@codiit.com"
"Yotabites Consulting","yotabites.com","ninjas@yotabites.com"
"Savio Nassar Consulting","www.savionassar.com","info@savionassar.com"
"PGP Computers, Inc","www.pgpcomputers.com","Info@PGPcomputers.com"
"Seaside Software Solutions","www.seaside-soft.com","info@Seaside-Soft.com"
"Finchloom","www.finchloom.com","info@finchloom.com,support@finchloom.com"
"M9 Systems","www.m9systems.com","info@m9systems.com"
"Dentist Identity","www.dentistidentity.com","hello@dentistidentity.com"
"SunRiver IT Partners","www.sunriverit.com"," info@sunriverit.com"
"Blu Ltd","www.blu.ltd","info@blu.ltd,careers@blu.ltd"
"ONEWORLD INFOTECH","www.oneworldinfotech.com","info@oneworldinfotech.com"
"Screenlevel Web Solutions","www.screenlevel.com"," info@screenlevel.com"
"Masternet","www.masternetcr.com","info@masternetcr.com"
"Your Computer Hero","yourcomputerhero.com","hero@yourcomputerhero.com"
"SElevenIT Limited","www.selevenit.com","support@selevenit.com"
"Mhe.net, Inc","www.mhe.net","info@mhe.net"
"Brass Willow","www.brasswillow.com","kontakt@brasswillow.pl"
"Exact Software","exact.co.tz","info@exact.co.tz"
"Core IT Solutions","www.coreitsolutions.net.au","info@core-it.com"
"Archbee","archbee.io","sales@archbee.io,support@archbee.io"
"Arcane Future","www.arcanefuture.com","red.amplitude@gmail.com"
"Black Square Media","blacksquaremedia.com","info@blacksquaremedia.com"
"Chakery","chakery.com","admin@chakery.com"
"SNONO SYSTEMS","snono.systems","info@snono-systems.com,info@finesse.com"
"Ainera","www.ainera.com","partner@ainera.com"
"MDL Technology","www.mdltechnology.com","info@mdltechnology.com"
"Art of automatisation","en.automatisation.art","info@automatisation.art"
"Shantec Systems Ltd","www.shantec.co.ke","info@shantec.co.ke,info@info@shantec.co.ke"
"Strata Advisory Group","strataadvisorygroup.com","contact@strataadvisorygroup.com"
"SAV London Ltd","www.sav.co.uk","info@sav.co.uk"
"Deerwood Technologies","deertech.com","info@deertech.com"
"Secure ERP, Inc.","www.secureerpinc.com","s&#97;&#108;e&#115;&#64;&#115;&#101;&#99;u&#114;&#101;&#101;&#114;pi&#110;c&#46;c&#111;m"
"Saffron Key","www.saffronkey.com","info@saffronkey.com"
"PhilWaltonConsultancy","www.philwaltonconsultancy.co.uk","phil@philwaltonconsultancy.co.uk"
"TechLane","www.techlane.it","info@techlane.it"
"SquareBlue Consulting","www.squareblueconsulting.com","info@squareblueconsulting.com"
"Capital Networks Ltd","www.capnet.co.uk","info@capnet.co.uk"
"Assure IT","www.assure-it.com.sg","enquiry@assure-it.com.sg"
"IMS Technology","www.ims-technology.ma","contact@ims-technology.ma,info@ims-technology.ma"
"Da Primus Consulting","www.daprimus.com","contact@daprimus.com"
"Avalanche Technologies Limited","www.beeerp.net","info@beeerp.net"
"Cloud Technologies","www.cloudtech.ae","info@cloudtech.ae"
"Soft Emirates","softemirates.com","sales@softemirates.com"
"Beyond Technologies","beyondintranet.com","contact@beyondintranet.com"
"Kyrios","www.kyrios.ec","soporte@kyrios.ec,ventas1@kyrios.ec,info@kyrios.ec"
"Department Q LLC","www.departmentq.com","Support@departmentq.com"
"BDH Technology","www.bdhtechnology.com","contact@bdhtek.com"
"Fastnet BD","fastnetbd.com","info@fastnetbd.com"
"Essential Business Services","www.essentialbusinessservices.com.au","salessupport@essentialbusinessservices.com.au"
"Challis & Company","www.challis.co","sydney@challis.co,avalentine@challis.co,dchallis@challis.co,melbourne@challis.co,hchallis@challis.co,hjohnson@challis.co,avalentine@amropchallis.com,hello@challis.co,sydney@amropchallis.com"
"Dot Net","www.dotnet.com.mx","info@cancunIT.com"
"InfoGrow","www.infogrowcorp.com","info@infogrowcorp.com"
"Valdon Group GmbH","www.valdon.ch","contact@valdon.ch"
"wedowork","wedowork.co","hi@wedowork.co"
"TWF Solutions (UK)","www.twf-solutions.com","info@twf-solutions.co.uk"
"JointaSoft","www.jointasoft.com","&#105;&#110;fo&#64;joi&#110;t&#97;s&#111;&#102;t&#46;&#99;&#111;m"
"Real Tech Innovations","realtechinnovations.com","info@realtechinnovations.com"
"ABBE Technology Solutions, Inc.","www.abbe.com.ph","thel_liwanag@abbe.com.ph,info@abbe.com.ph,shummy_yusay@abbe.com.ph,liezel.arlando@abbe.com.ph"
"Cloud IT Limited","clouditbd.com","info@clouditbd.com"
"Green Dragon Technology","greendragon.tech","hey@greendragon.tech"
"artKenya.net Ltd.","artkenya.net","info@artkenya.net"
"OBLIGR INDIA PVT LTD","www.obligr.com","info@obligr.com"
"Systems Integration","www.sys-int.com","support@sys-int.com"
"RAMMP IT Solutions","rammp.com.sg","sales@rammp.com.sg"
"TechSparq","www.techsparq.com","info@techsparq.com"
"Pixelcabin","pixelcabin.io","hello@pixelcabin.io"
"TwinCore","twincore.net","#"
"Bajalogics","www.bajalogics.com","sales@bajalogics.com"
"MPG online","www.mpg-online.com","info@mpg-online.com"
"Server Consultancy Ltd","www.serverconsultancy.co.uk","contact@serverconsultancy.co.uk"
"Tech Solutions Now","www.techsn.com","support@techsn.com"
"Ask Computers","askcomputers.ca","info@askcomputers.ca"
"Nform Interactive","www.n-form.com","info@n-form.com"
"Innova Servizi S.a.s.","www.innovaservizi.it","commerciale@innovaservizi.it"
"Cubla Incorporated","cubla.com","info@cubla.com,sales@cubla.com"
"PolyPort","www.polyport.io","info@polyport.io"
"Black Cipher Security, LLC","www.blackcipher.com","info@blackcipher.com"
"The Rope","therope.it","hello@therope.it"
"Network Technologies of Kansas","www.nettechks.com","support@nettechks.com"
"Canopy IT Solutions","canopyit.com","support@canopyit.com"
"We Talk IT","www.wetalkit.co.uk","info@wetalkit.co.uk"
"Miadria","www.miadria.com","info@miadria.com"
"Thorn Technologies","www.thorntech.com","info@thorntech.com"
"Best PC Service","www.bestpcsos.com","support@bestpcsos.com"
"Avantia Cyber Security","www.avantiacybersecurity.com","info@avantiacorp.com.au,pauln@avantiacorp.com.au"
"Microsysnet","www.microsysnet.com","contact@microsysnet.com"
"Region Design Group Inc","www.regiondesign.com","info@regiondesign.com,webmaster@regiondesign.com"
"Koza Consulting Group","www.kozaconsultinggroup.com","info@kozaconsultinggroup.com"
"ITS Alaska","www.itscanfixthat.com","maintenance@itsak.com"
"Absio Corporation","www.absio.com","support@absio.com"
"NodeFactory","www.nodefactory.io"," info@nodefactory.io"
"Direnzic Technology & Consulting, LLC","www.direnzic.com","contact@direnzic.com"
"Ultimate IT Services","www.ultimate.com.au","support@ultimate.com.au"
"Technology Solutions Partners","www.tsp-corporation.com","contact@tsp-corporation.com"
"Saker, LLC","saker.io","humans@saker.io"
"Ryan and Rankmore Chartered Accountants","ryanrank.com","administrator@ryanrank.com"
"Upward Technology","www.moveitupward.com","s&#97;les&#64;mov&#101;&#73;&#84;u&#112;w&#97;&#114;d.c&#111;&#109;,sales@moveITupward.com"
"XPERT HI CONSULTING","xperthiconsulting.com","patrick.gey@xperthiconsulting.com"
"Sangatek","www.sangatek.com","info@sangatek.com"
"Stock IT Ltd","www.stockitsupport.co.uk","web@stockitsupport.co.uk"
"Ringtail Software","www.ringtailsoftware.co.uk","toby@ringtailsoftware.co.uk"
"Cube Cyber","cubecyber.com","info@cubecyber.com"
"Emez JIT Solutions","emezjitsolutions.com","info@emezjitsolutions.com"
"Ambient I.T. Solutions","www.ambientitsolutions.com","info@ambientsolutions.com,info@ambientitsolutions.com"
"i-OneiT Pte Ltd.","i-oneit.com","info@i-oneit.com"
"TeamLogicIT","www.teamlogicit.com","khughes@teamlogicit.com"
"Evo Security Technologies","www.evosecurity.com","support@evosecurity.kayako.com,sales@evosecurity.com"
"BFA Technologies, Inc.","www.bfatechnologies.com","info@bfatechnologies.com"
"Cloudmin.net","cloudmin.net","support@cloudmin.net"
"IQ Technology Solutions","www.iqisit.com","info@iqisit.com"
"Portavoce Public Relations","www.portavocepr.com","carla.vallone@Portavocepr.com"
"AGiLE ANiMAL INC.","www.agileanimal.com","growl@agileanimal.com,work@anml.io"
"Cashel Group Consulting Pty Ltd","www.cashelgroup.com.au","contact@cashelgroup.com.au"
"User Friendly Systems","ufs-inc.com","support@ufs-inc.com,admin@ufs-inc.com,sales@ufs-inc.com"
"Elitbuzz Technologies Ltd","elitbuzz-bd.com","sales@elitbuzz-bd.com"
"Digital Heads AS","digitalheads.no","post@digitalheads.no"
"Pictonio Lda.","www.pictonio.com","pictonio@pictonio.com"
"Sierra Miles Group, LLC","www.sierramiles.com","support@sierramiles.com"
"MaktApp","maktapp.com","info@maktApp.com"
"Doublezero Solutions Ltd","www.doublezerosolutions.co.uk","websites@doublezerosolutions.co.uk"
"Cabeus","www.cabeus.com","info@cabeus.com,realdemo@cabeus.com,recruiter@cabeus.com"
"Pynical Inc.","www.pynical.com","info@pynical.com"
"MOST Programming","most-us.com","info@most-us.com"
"Musato Technologies","musatotech.co.za","info@musatotech.co.za"
"LightWire","www.lightwire.info","info@lightwire.info"
"Computer Consulting Services","www.ccsi.me","help@ccsi.me"
"Bright Sol Tech","bstelpaso.com","info@bstelpaso.com"
"NetRes - Networking Results","www.networkingresults.com","&#105;&#110;f&#111;&#64;n&#101;&#116;wo&#114;&#107;&#105;&#110;g&#114;&#101;&#115;&#117;&#108;ts&#46;&#99;&#111;m,info@networkingresults.com"
"Ninth Life Consulting Group LLC","www.ninthlifeconsulting.com","info@ninthlifeconsulting.com"
"Powercomputers Telecommunications Ltd","powercomputers.net","info@powercomputers.co.tz"
"TETRA TECHNOLOGY LTD","tetratechnology.co.uk","kevin@tetratechnology.co.uk,sales@tetratechnology.co.uk,scott@tetratechnology.co.uk,andrew@tetratechnology.co.uk"
"Oziom Technologies Canada Inc.","www.oziom.ca","info@oziom.ca"
"Atchai Digital","atchai.com","enquiries@atchai.com"
"Joho Technology","joho.com","info@joho.com"
"RazorCity IT","razorcityit.com","info@razorcityit.com"
"Data Solutions Incorporated","www.dspn.com","info@dspn.com"
"Volan Software & Technologies","www.volansoft.com","info@volansoft.com,career@volansoft.com,business@volansoft.com"
"FaberHost Indonesia","faberhost.com","admin@e-mail.com"
"BizTek Connection, Inc","biztekconnection.com","Info@BizTekConnection.com,info@bizekconnection.com,info@biztekconnection.com"
"Imtex","www.imtex.com","it@imtex.co.uk"
"Advanced MicroSystems Inc.","amsmaine.com","info@amsmaine.com"
"Square On Technology","squareontech.com","s&#117;&#112;po&#114;t&#64;s&#113;&#117;a&#114;&#101;&#111;n&#116;e&#99;h&#46;co&#109;"
"Teracloud","teracloud.io","info@teracloud.io"
"HSM IT Solutions","www.hsmit.com.au","enquiries@hsmit.com.au"
"Valens DataLabs","valensdatalabs.com","info@valensdatalabs.com,careers@valensdatalabs.com"
"North Sydney IT","www.northsydneyit.com.au","sales@northsydneyit.com.au"
"iSoftware Limited","www.isoftware.com.bd","info@isoftware.com.bd"
"Digital Loom","digital-loom.com","contact@digital-loom.com"
"Home and Office Computer Services","www.homeandofficegroup.com","support@homeandofficegroup.com"
"Cole Informatics, LLC","www.coleinformatics.com","&#105;&#110;fo&#64;co&#108;einf&#111;r&#109;a&#116;i&#99;&#115;&#46;&#99;om"
"Hello World","helloworld.by","say@helloworld.by"
"Lunarbyte LLC","www.lunarbyte.io","francisco@lunarbyte.io"
"CodeFirst","www.codefirst.co.uk","contact@codefirst.net"
"Brand Kidz","www.brandkidzbd.com","info@brandkidzbd.com"
"Tech Express","techexpressonline.com","raustin@techexpressonline.com,jrussell@techexpressonline.com,mkennedy@techexpressonline.com,info@techexpressonline.com"
"Right Click Information Technology","www.rcitbd.com","info@rcitbd.com"
"Onix","www.onixsoft.com.uy","webmaster@onixsoft.com.uy"
"Onside Technology Solutions, Inc.","onsidetechnology.com","hello@onsideinc.com"
"Alaska Computer Support","alaskacomputersupport.com","info@akcs.pro,info@alaskacomputersupport.com"
"Statusoid","www.statusoid.com","info@statusoid.com"
"Argo Ventures Digital Ltd | Sitefinity Partner","www.argoventuresdigital.com","hello@argoventuresdigital.com"
"Rednodo AR","www.rednodo.com","ventas@rednodo.com,jobs@rednodo.com"
"Kada software","www.kadasoftware.com","mail@example.com,okler@okler.net,ventas@kadasoftware.com"
"TechVertu","www.techvertu.co.uk","info@techvertu.co.uk"
"Nortech Network Services","www.nortechservices.co.uk","sales@nortechservices.co.uk"
"ibento","www.ibento.ma","support@ibento.ma"
"J & J Systems","www.jjsystems.co.uk","support@jjsystems.co.uk"
"Talik Creative Agency","talikcreative.com","talik@mezr.com,andrew@mezr.com,info@mezr.com"
"EVERNET","www.evernetco.com","&#105;&#110;&#102;o&#64;&#101;&#118;e&#114;&#110;&#101;tco&#46;c&#111;&#109;"
"Smart Agencia Digital","smartsi.co","comercial@smartsi.info"
"R-Com Consulting","www.r-comconsulting.com","info@r-comconsulting.com"
"Datagemini.Sierra","www.datagemini-sierra.com","Sales@DATAGEMINI-SIERRA.COM"
"End User Innovations, LLC","www.enduserinnovations.com","jonathan.carter@enduserinnovations.com"
"Island 20 Ventures Inc","island20ventures.com","info@island20ventures.com"
"Itopia","www.itopia.com.au","sales@itopia.com.au"
"Rush Tech Solutions","www.rushtechsolutions.com","info@rushtechsolutions.com"
"SIRTEC Costa Rica","www.sirtecr.com","info@sirtecr.com,ventas@sirtecr.com"
"Bi101 Consultants","www.bi101.com","info@bi101.com"
"4its GmbH","4its.de","info@4its.de"
"CodeBerry Solutions","www.codeberrysolutions.com","&#106;&#117;l&#105;&#101;tt&#101;&#64;&#99;&#111;d&#101;be&#114;&#114;&#121;&#115;o&#108;&#117;t&#105;ons.&#99;o&#109;,&#104;&#101;&#108;lo&#64;c&#111;&#100;eberr&#121;&#115;&#111;&#108;&#117;&#116;ions.&#99;&#111;&#109;,p&#104;&#105;l&#64;c&#111;&#100;e&#98;&#101;&#114;&#114;&#121;&#115;o&#108;&#117;&#116;ions.&#99;om"
"EromAgency","eromagency.com","hello@eromagency.com"
"JS Technology Group","www.jstechgroup.com","info@jstechgroup.com"
"Oxford Mac Solutions Ltd","www.omsuk.com","hello@omsuk.com"
"Indus Sun Inc.","surajgupt7.wixsite.com","info@indus-sun.com"
"Adroit Apps Ltd","adroit.ph","hello@adroit.ph"
"Change Champions Consulting","changechampionsconsulting.com","info@changechampionsconsulting.com"
"MINDER SECURE CLOUD SERVICES","mindercloud.com.au","enquiries@mindercloud.com.au"
"Multum Tech Pty Ltd","multum.com.au","sales@multum.com.au,support@multum.com.au"
"Electric Brain","www.electricbrain.io","business@electricbrain.io"
"Cloud11","www.cloud-11.com","info@cloud-11.com"
"TruTech IT Solutions","trutechit.com","info@trutechit.com"
"Modern Technology Solutions","www.mts-ia.com","&#105;&#110;&#102;&#111;&#64;m&#116;&#115;&#45;&#105;&#97;&#46;&#99;&#111;&#109;,&#105;&#110;f&#111;&#64;&#109;&#116;s-ia.&#99;&#111;&#109;"
"EXECUTIVE NETWORK SERVICES INC","www.execnets.com","info@execnets.com"
"Aztech Integrated Systems Pty Ltd","www.aztechisystems.com.au","info@aztechisystems.com.au"
"Improve Your IT","improveyourit.com","i&#110;fo&#64;im&#112;&#114;o&#118;e&#121;&#111;&#117;&#114;&#105;&#116;.c&#111;&#109;"
"Itek","itek.co.uk","hello@itek.co.uk"
"Soporte Experto","www.soportexperto.com","ventas@soportexperto.com,reclutamiento@soportexperto.com"
"Jon Burke Web Design","www.jonburke.ca","info@jonburke.ca"
"Crossbow Interactive","www.crossbowin.ca","contact@crossbowin.ca"
"elPresta","elpresta.eu","info@elpresta.eu"
"Benipal Technologies","benipaltechnologies.com","info@benipaltechnologies.com"
"Seika Logiciel Inc.","www.seika.ca","contact@seika.ca"
"Open Pascal","opascal.com","info@opascal.com"
"ITOS Information Technology Consultants","www.itosuae.com","anser.sheriff@itosuae.com"
"Sufle","www.sufle.io","hello@sufle.io"
"5th Utility IT Services","www.5thutility.co.uk","info@5thutility.co.uk"
"Propona","www.propona.co.uk","enquiries@propona.co.uk"
"All Things SEO","www.allthingsseo.com","gavin@allthingsseo.com"
"All Pro Support","allprosupport.com","ch&#114;i&#115;&#64;&#97;l&#108;&#112;ros&#117;pport.&#99;&#111;m"
"eCaste","www.ecaste.com","emmanuel@ecaste.com"
"Awesome Developers","www.awesomedevelopers.eu","maria@mariaschwalm.com,maria@awesomedevelopers.eu"
"Centarus","www.centarusinc.com","info@centarusinc.com"
"Resolution IT","www.resolutionit.ae","info@resolutionit.ae"
"Phoenix Austec","phoenixaustec.com.au","support@phoenixaustec.com.au"
"Bells Design","www.bellsdesign.com","hello@bellsdesign.com"
"Intelligent IT Solutions","www.i-itsolutions.com","info@i-itsolutions.com,dpo@i-itsolutions.com"
"Design in the Shires","www.designintheshires.co.uk","info@designintheshires.co.uk"
"Axcell Technologies, Inc","axcelltech.com","support(at)axcelltech.com,support@axcelltech.com"
"Ajasra consulting and ICT","www.ajasra.co.in","&#104;&#101;&#108;lo&#64;&#97;j&#97;sr&#97;&#46;&#99;o.i&#110;"
"Creative Impact","www.creative-impact.co.uk","support@creative-impact.co.uk,info@creative-impact.co.uk"
"CRM Innovation","www.crminnovation.com","info@crminnovation.com"
"Haphost","haphost.com","support@haphost.com"
"Committo","www.committo.com.au","info@committo.com.au"
"INTERCODEC","www.intercodec.cz","info@intercodec.cz"
"Vista IT Solutions","www.vitsusa.com","info@vitsusa.com"
"Fonbell Solution","fonbellsolutions.com","enquiry@fonbellsolutions.com"
"AlphaTech","www.abatig.com","i&#110;f&#111;&#64;ab&#97;ti&#103;.co&#109;,info@abatig.com"
"onIT","on-it.co","info@on-it.co"
"NightLion Security","www.nightlionsecurity.com","&#105;nf&#111;&#64;nig&#104;&#116;li&#111;&#110;s&#101;curit&#121;.co&#109;"
"X8BIT","x8bit.com","info@x8bit.com"
"IT Quality","itquality.com.ar","contacto.co@it-quality.com.ar,contacto@it-quality.com.ar,contacto.cl@it-quality.com.ar"
"Cloudtech","www.cloudtech.ie","info@cloudtech.ie"
"Thinkwise Solutions Ltd.","thinkwise.cloud","info@thinkwise.cloud"
"TaskKlock Inc.","www.taskklock.com","mark@taskklock.com"
"Evolucionapp","evolucionapp.com","mario@evolucionapp.com,email@email.com"
"Visible Technology Solutions","visiblets.com","info@visiblets.com"
"Pstox","pstox.com","info@pstox.com"
"Ash Creek Enterprises","www.ashcreek.com","&#105;&#110;f&#111;&#64;a&#115;hcre&#101;k.c&#111;&#109;"
"GA Systems","www.gasystems.com.au","info@gasystems.com.au"
"IT-Tokyo","www.it-tokyo.com","contact@it-tokyo.com"
"KiwiSpecs SundayPyjamas LLP","kiwispecs.com","contact@kiwispecs.com"
"ACL Tecnología","www.acl.cl","info@acl.pe,info@acl.cl"
"NextGen Software LLC","nextgensoftware.us","info@nextgensoftware.us"
"JCH Media","www.jchmedia.com","sunshine@jchmedia.com,brisbane@jchmedia.com,melbourne@jchmedia.com,hello@jchmedia.com"
"BBB Creations","www.bbbcreations.com","info@bbbcreations.com"
"Cloud Nine Consulting","cloudnine.ie","hello@cloudnine.ie"
"Crusade Computer Solutions Ltd","crusade-cs.co.uk","hello@crusade-cs.co.uk"
"Ingetec Uruguay","www.ingetec.com.uy","ventas@ingetec.com.uy"
"Ingenious Technologies Limited","ingtechbd.com","info@ingtechbd.com"
"Cámara de Tecnologías de Información y Comunicación (CAMTIC)","www.camtic.org","info@camtic.org"
"KME Systems","kmesystems.com","info@kmesystems.com,webcontact@kmesystems.com"
"TKIT Systems","www.tkitsystem.com","enquiry@tkitsystem.com"
"BMIT SOLUTIONS","www.bmitsol.com","contact@example.com"
"TEaM Consulting","www.teamconsulting-uk.com","info@teamconsulting-uk.com"
"Jumpline.com","www.jumpline.com","support@jumpline.com"
"ITsorce","www.itsorce.com","p.kruszewska@itsorce.com,klaudia@itsorce.com,contact@itsorce.com"
"Square International Technology Consulting","www.sqitconsulting.com","info@sqitconsulting.com"
"J Mitchell Consulting Inc","jmitchellconsulting.com","info@jmitchellconsulting.com"
"Mothercloud","www.mothercloud.com","integrate@mothercloud.com"
"Xoxzo","info.xoxzo.com","help@xoxzo.com"
"HERETIC","hereticnyc.com","contact@hereticnyc.com"
"Cogneto.io","cogneto.io","hello@cogneto.io"
"EXODUS","www.exodus.co.tz","info@exodus.co.tz"
"GBBITSOLUTIONS LLC","www.gbbitsolutions.com","info@gbbitsolutions.com"
"Giantssoft Solution","www.giantssoft.com","giantssoftbd@gmail.com"
"H7 interactive, LLC","www.h7i.com","contact@h7i.com"
"B.T.Q Design","www.btq.vn","contact@btq.vn,customercare@btq.vn"
"Power On Computing & Consulting","www.poweroncomp.com","info@poweroncomp.com"
"ElkanIO Research Labs","www.elkanio.com","business@elkanio.com,hello@elkanio.com"
"Fusion Computing","fusioncomputing.ca","&#115;a&#108;&#101;&#115;&#64;fusi&#111;nc&#111;&#109;&#112;&#117;ting&#46;ca"
"Zezoz Studio","www.zezoz.com","contacto@zezoz.com"
"ADVYON Business Technology Consulting","www.advyon.com","info@advyon.com"
"Two Hats Digital","twohatsdigital.com","cfulton@twohatsdigital.com"
"CTS Graphic Designs","cts.graphics","info@ctsgraphics.net"
"Intermedia Global Ltd.","intermedia-global.co.uk","info@intermedia-global.com"
"Doublebit It Solution","doublebitbd.com","indo@doublebitbd.com,info@doublebitbd.com"
"hubovsky.net","www.hubovsky.net","office@hubovsky.net"
"Revelation Network Management, Inc.","www.revnetmgt.com","Info&#64;RevNetMgt.com"
"Famozzo Group","famozzogroup.com","famozzogroup.com"
"Going Digital","www.goingdigital.in","sandeep.raut@goingdigital.in"
"NotionSoft","notionsoft.io","support@notionsoft.com"
"Interactions Marketing","www.interactions.ro","office@interactions.ro"
"JONROG technology","www.jonrog.com","info@jonrog.com"
"Aussiedev Consulting","aussiedev.com.au"," sales@aussiedev.com.au"
"Cybernetic Global Intelligence","cyberneticgi.com","contact@cybernetic-gi.com"
"PureDevs","puredevs.com","admin@puredevs.com"
"Stunn","www.stunn.co.uk","hello@stunn.co.uk"
"Ascension Global Technology","ascensiongt.com","sales@ascensiongt.com"
"RIGHT TIME LIMITED","www.righttime.biz","ceo.tohid@righttime.biz,coo.shopon@righttime.biz,info@righttime.biz,info@theproject.com,coo.arif@righttime.biz"
"Husar Labs","www.husarlabs.com","hello@husarlabs.com"
"IT Wonders Web Pte. Ltd.","www.itwonders-web.com.sg","sales@itwonders-web.com"
"Shoreline Consulting Group, Inc.","shorelineconsulting.ca","adam@shorelineconsulting.ca"
"Vissensa","www.vissensa.com","sales@vissensa.com"
"Heritage Computer Consulting & Services Inc","www.hccsinc.com","hccs@hccsinc.com"
"Consorcio","marketingypublicidad.mx","contacto@marketingypublicidad.mx"
"Vermilion Tech","vermilion.tech","mark@vermilion.tech"
"Boom!","www.boomdialogue.com","hello@boomdialogue.com"
"Parallax Accounting","www.parallaxaccounting.com.au","keith@hrhaccounting.com.au,admin@parallaxaccounting.com.au"
"Assurance","www.assurance.com.au","info@assurance.com.au"
"ideahash","ideahash.co","hello@ideahash.co"
"Grupo Asesor","www.grupoasesor.net","info@grupoasesor.net"
"INNOVATION HUB CONSULTING","www.ihc.pe","info@ihc.pe"
"App & Web","www.appandweb.es","contacto@appandweb.es"
"Enlightened Technology Group","www.etgroup.net","support@etgroup.net,sales@etgroup.net,Support@etgroup.net"
"Switchstance","switchstanceit.com","hello@switchstanceit.com"
"Integra América","www.integraamerica.com","info@integraamerica.com"
"VISTASOFT IT","www.vistasoftit.org","info@VistaSoftIT.com"
"First Stop IT","www.firststopit.co.uk","solutions@firststopit.co.uk,&#115;o&#108;ut&#105;&#111;&#110;s&#64;f&#105;rs&#116;&#115;t&#111;&#112;it&#46;&#99;&#111;.&#117;&#107;"
"Vision Tech Solutions","visiontechsolutions.com","info@visiontechsolutions.com"
"WinPath IT Services","www.winpathit.com","enquiry@winpathit.com"
"Audaz Business Solutions","www.audaz.com","sales@audaz.com"
"Evgsoft","evg-soft.com","//info@evg-soft.com,//email@evg-soft.com,//support@evg-soft.com"
"ACCSA","www.arnaldocastro.com.uy","info@arnaldocastro.com.uy"
"Clear Link Systems","www.clearlinksystems.com","support@clearlinksystems.com,info@clearlinksystems.com"
"BlueCastle IT Solutions","www.bluecastleit.com","info@bluecastleit.com"
"Pathway Accounting","www.pathwayaccounting.com.au","admin@pathwayaccounting.com.au"
"MyTGroup","www.mytgroup.net","info@mytgroup.net"
"ComTel.Cloud","comtel.cloud","support@ComTel.Cloud"
"Orfeostory Pte Ltd","www.orfeostory.com","sales.sg@orfeostory.com"
"Technical Products and Supply","technicalproduct.com","&#105;nf&#111;&#64;&#116;e&#99;hni&#99;a&#108;p&#114;&#111;&#100;&#117;&#99;&#116;.&#99;&#111;&#109;"
"Agency73","agency73.com","info@agency73.com"
"Steed","steed.mx","info@steed.mx"
"Cyber Security Solutions","www.flcss.com","sales@flcss.com"
"Virtuas","virtuas.com","hello@virtuas.com"
"Gemtech","www.gemtech.ae","info@gemtech.ae"
"DriptoSoft","www.driptosoft.com","contact@driptosoft.com,#"
"Rexer Analytics","www.rexeranalytics.com","info@rexeranalytics.com"
"Ennovative Web","ennovativeweb.com.au","info@ennovativeweb.com.au"
"VRS Technology","www.vrstech.com","support@vrstech.com,sales@vrstech.com"
"Tecnikal","www.tecnikal.net","support@tecnikal.net"
"Safarjan Technologies","www.safarjan.in","i&#110;&#102;o&#64;&#115;&#97;&#102;arja&#110;&#46;i&#110;"
"Intelligence Authentic","intelauthentic.com","INFO@INTELAUTHENTIC.COM"
"eMedia Germany oHG","emedia.de.team","info@eMediaGermany.de"
"HexaFusion IT Solutions","www.hexafusion.com","support@hexafusion.com"
"Rightway","www.rightwayqatar.com","info@rightwayqatar.com"
"Network Bridge","www.networkbridge.co.uk","web@www.networkbridge.co.uk"