website,emails
ssperu.pe,"D@E.fT,-@..qg"
nginx.com,"yt-nginx@2x.png"
delinfosolution.com,"info@delinfosolution.com,india@delinfosolution.com"
fortworthwebdesign.com,"information@fortworthwebdesign.com"
vvgdesign.com,"8b4e078a51d04e0e9efdf470027f0ec1@sentry.wixpress.com"
itayux.com,"-2-500x383@2x.jpg,762x762_r-500x383@2x.jpg,762x762-nir-500x383@2x.jpg,mobile-mockup2-500x383@2x.jpg,2211-500x383@2x.png,762x762-500x383@2x.jpg"
freelancersunion.org,"mattolpinski@gmail.com"
overpass.co.uk,"Icon-60@2x.png"
appsto.re,"supports-FamilySharing@2x-f58f31bc78fe9fe7be3565abccbecb34.png"
cloudmarket.com.br,"contato@cloudmarket.com.br"
medium.com,"Izf3VLdvHoswQYHxe-9quA@2x.jpeg,u002F589e367c28ca47b195ce200d1507d18b@sentry.io"
mavericdesign.com,"enquiries@mavericdesign.com"
pinterest.com,"behance@2x.png,sales@webinfotechpro.com,johnsonux21@gmail.com,phuncreative2@phunware.com"
neomedia.com.ar,"hola@neomedia.com.ar"
algoritmoazul.com,"proyectos@algoritmoazul.com,hola@algoritmoazul.com"
edisonave.com,"info@edisonave.com"
shorian.com,"sales@shorian.com,info@shorian.com"
hrltech.com.br,"office@ourbusiness.com"
pinterest.com,"info@leologos.com,flickr@2x.png"
google.com,"info@mdxmedia.com"
telecomnews.co.il,"enteryour@addresshere.com"
northerncontrast.com,"info@northerncontrast.com"
refocusre.com,"info@refocusre.com,ir@refocusre.com,acq@refocusre.com"
greycardinals.com,"info@greycardinals.com"
mnrtsdi.ae,"contact@mnrtsdi.ae"
workfrom.co,"hello@workfrom.co"
whollysoftware.com,"info@whollysoftware.com"
mistersaad.com,"saad@mistersaad.com"
ssperu.pe,"t@T.AHA"
webmantechnologies.com,"info@brokebookie.net,hello@oyekidhar.com"
apple.com,"supports-FamilySharing@2x-f58f31bc78fe9fe7be3565abccbecb34.png"
designrush.com,"marko@mania.mark,contact@smartsites.com,mark@id.mark,to@brights.io,info@sneakersagency.com,cary@elevated.com,accounts@tryscale.com,info@kitrum.com,sales@webbycentral.com,info@likesocialbiz.com,hello@brightscout.com,chris@grandapps.com,sales@mobcoder.com,paul@TechBear.com,hello@griflan.com,info@redspotdesign.com,mfrasolyak@ukrinsoft.com,nicki@gsdaccounts.net,office.peiko@gmail.com,hello@inoveo.ro,info@iihglobal.com,sales@tablexi.com,create@mintdesignagency.com,fran.yanity@thepmgrp.com,info@socialmedia55.com,sales@kobedigital.com,hello@smallprojectsbureau.com,social@k2analytics.com,sales@attractgroup.com,BBENNETT@WILDFIREIDEAS.COM"
alvin.im,"hello@alvin.im"
justhost.com,"support@justhost.com"
divineinfosoft.in,"infosoftdivine@gmail.com"
xyzscripts.com,"payments@xyzscripts.com"
dream71.com,"info@dream71.com"
pixelstag.com,"craig@pixelstag.com"
thedouglasjames.com,"1@2x.png,-1@2x.png,WP0A5375@2x.png,play-button@2x.png"
futurmedesign.com,"medsenni@gmail.com"
ninjamonk.co,"youremail@example.com,abhi@bahikhata.co"
mcmwebsite.com,"support@mcmwebsite.com,name@site.com"
eepurl.com,"youremail@gmail.com"
itayux.com,"-2-500x383@2x.jpg,762x762_r-500x383@2x.jpg,Web-Mockup-V1_1-500x383@2x.jpg,2211-500x383@2x.png,762x762-500x383@2x.jpg,762x762-nir-500x383@2x.jpg"
delinfosolution.com,"hr@delinfosolution.com"
dougsummers.co.uk,"6@o.yEOS"
arcanedev.net,"contact@arcanedev.net"
inpyx.com,"contato@inpyx.com"
lawcts.com,"info@lawcts.com"
ljrsoftware.co.uk,"hello@ljrsoftware.co.uk"
itayux.com,"-2-500x383@2x.jpg,762x762_r-500x383@2x.jpg,Web-Mockup-V1_1-500x383@2x.jpg,mobile-mockup2-500x383@2x.jpg,2211-500x383@2x.png,762x762-500x383@2x.jpg"
debak.net,"antun@debak.net"
flickr.com,"scrappy@2x-49a0fd56.png,icons@2x-4585bd59.png,67220854@N06.jpg,general@2x-2882d320.png"
dougsummers.co.uk,"becky.duncan@gmail.com,Q@r.xX"
themeisle.com,"friends@themeisle.com"
michaelhannadesign.com,"v@x.anKI,R@6z.zL,f@HZ.NB,1@3.nR,Hp2@3.Kk,7uT@E.Lr,z@eAn.rjVc"
moderndesignagency.com,"hello@moderndesignagency.com"
rafitservices.com,"info@rafitservices.com"
michaelhannadesign.com,"QU@o.qO"
etayluz.com,"924192935@qq.com,dm-chongqing@300.cn"
whitedog.tech,"contact@whitedog.tech"
amalasstudio.com,"amalasstudio@icloud.com,8b4e078a51d04e0e9efdf470027f0ec1@sentry.wixpress.com"
thinkstylestudio.com,"info@thinkstylestudio.com"
google.com,"info@meetmadeira.pt"
creatibly.com,"creatibly@gmail.com"
t.co,"u002F589e367c28ca47b195ce200d1507d18b@sentry.io"
levelfourdevelopment.com,"sales@levelfourdevelopment.com"
douglasjamesmarketing.com,"test@test.com,chenowith52@gmail.com,test@gmail.com,test@mail.com"
keganquimby.com,"keganquimby@gmail.com"
androiddevelopers.co,"name@yoursite.com"
twanneman.nl,"Hello@Twanneman.nl"
fouraxiz.com,"info@4axiz.com,4axizusa@4axiz.com,admin@4axiz.com"
stapleweb.com,"jimmy@stapleweb.com"
mediabell.tech,"mediabell360@gmail.com"
dektry.com,"l3@2x.png,4@2x.png,l6@2x.png,2@2x.png,l8@2x.png,l2@2x.png,l4@2x.png,logo@2x.png,logo-f@2x.png,preloader@2x.gif,1@2x.png,l5@2x.png,l1@2x.png,3@2x.png,l7@2x.png"
statista.com,"felix.richter@statista.com"
pinterest.com,"behance@2x.png"
bendelisi.com,"ben@bendelisi.com"
techcrunch.com,"arman.tabatabai@techcrunch.com,lucas@techcrunch.com"
electricwebmarketing.com,"kirill@electricwebmarketing.com"
optimalarc.com,"info@optimalarc.com"
rs-ti.com,"rimi.rsti@gmail.com,sayem@rs-ti.com,sayem.rsti@gmail.com,rimi@rs-ti.com"
agencypimp.com,"start@agencypimp.com"
waspdigital.com.au,"info@www.waspdigital.com.au,info@waspdigital.com.au"
apiar.org.au,"info@apiar.org.au"
somethingelselabs.com,"carson.skjerdal@somethingelselabs.com"
kagemni.eu,"innov@kagemni.eu"
finkhaeuser.de,"jens@finkhaeuser.de"
zahurul.com,"me@zahurul.com,aboutzahurul@gmail.com"
craighowarth.com,"craig@rarerobot.com"
logonick.com,"support@logonick.com,sales@logonick.com"
itayux.com,"-2-500x383@2x.jpg,762x762-nir-500x383@2x.jpg,mobile-mockup2-500x383@2x.jpg,2211-500x383@2x.png,762x762-500x383@2x.jpg,Web-Mockup-V1_1-500x383@2x.jpg"
wedianyc.com,"you@example.com"
webstyle.mx,"contacto@webstyle.mx"
simplosoft.co.uk,"info@simplosoft.co.uk"
justhost.com,"legal@justhost.com,tos@justhost.com"
curtismlarson.com,"curtis@curtismlarson.com"
dougsummers.co.uk,"n@v.vwG"
technigami.com,"inquiries@technigami.com"
holidayinportosanto.com,"info@holidayinportosanto.com"
scottjweiner.com,"scott@brand-wagon.com"
bnew.de,"office@bnew.de"
ideasinteligentes.com.mx,"info@ideasinteligentes.com.mx"
cueagency.co,"abuse@cueagency.co"
brainstormtechnolabs.com,"brain@brainstormtechnolabs.com"
twitter.com,"enquiries@mavericdesign.com"
web-garage.co.il,"1800gad@gmail.com"
klienditugi.ee,"greete@klienditugi.ee,stella@klienditugi.ee,kontakt@klienditugi.ee,kaia@klienditugi.ee,aiva@klienditugi.ee,tiit@klienditugi.ee,astrid@klienditugi.ee,annika@klienditugi.ee,kaspar@klienditugi.ee,tiina@klienditugi.ee,edvin@klienditugi.ee,siim@klienditugi.ee,rita@klienditugi.ee,rene@klienditugi.ee,siim.kustassoo@klienditugi.ee,jyri@klienditugi.ee,tanel@klienditugi.ee"
github.com,"support@github.com,git@github.com"
watronic.com,"info@watronic.com"
masweb.net,"ventas@masweb.com,info@masweb.com"
itayux.com,"-2-500x383@2x.jpg,762x762_r-500x383@2x.jpg,762x762-nir-500x383@2x.jpg,mobile-mockup2-500x383@2x.jpg,2211-500x383@2x.png,Web-Mockup-V1_1-500x383@2x.jpg"
freelancetransformation.com,"matt.inglot@gmail.com"
unusualtrendy.com,"ut-logo-simplenew_x93@2x.png"
dribbble.com,"stories@dribbble.com"
kdmireland.com,"Oliver@kdmireland.com"
sctest.ru,"bills@beget.com,manager@beget.com,support@beget.com"
itayux.com,"-2-500x383@2x.jpg,762x762_r-500x383@2x.jpg,762x762-nir-500x383@2x.jpg,mobile-mockup2-500x383@2x.jpg,762x762-500x383@2x.jpg,Web-Mockup-V1_1-500x383@2x.jpg"
deepstechno.com,"prashantj3010@gmail.com"
bouncingfish.com,"hello@bouncingfish.com"
twitter.com,"spam@spam.com"
justhost.com,"tos@justhost.com"
kilobytestudios.org,"mail@example.tld"
axure.com,"support@axure.com"
stjude.org,"donors@stjude.org"
beefandwines.com,"geral@beefandwines.com"
twitter.com,"capacitacion@adness-empresarial.com"
snapmag.co.il,"logo-footer@2x-1.png"
metisre.com,"hello@metisre.com"
sleekdesignstudio.com,"will@sleekdesignstudio.com"
freelance-kid.net,"info@freelance-kid.net,info@Freelance-Kid.net"
itayux.com,"762x762_r-500x383@2x.jpg,762x762-nir-500x383@2x.jpg,mobile-mockup2-500x383@2x.jpg,2211-500x383@2x.png,762x762-500x383@2x.jpg,Web-Mockup-V1_1-500x383@2x.jpg"
wixsite.com,"marcomustapic@hotmail.com,8b4e078a51d04e0e9efdf470027f0ec1@sentry.wixpress.com"
peterhintondesign.co.uk,"info@peterhintondesign.co.uk"
tumblr.com,"doug@dougsummers.co.uk,1@2x.png"
www.tls.digital,"info@tls.digi"
youtube.com,"antoine@microqlima.cool,antoine@microqosmos.com,pierre@thetalentboutique.fr"
checkpointpe.com,"hola@checkpointpe.com"
flowdig.com,"hi@flowdig.com"
virtuatechnologies.com,"sales@virtuatechnologies.com.au"
respiraweb.com,"info@respiraweb.com,hola@respiraweb.com"
compasscare.info,"contact@compasscare.info"
koboart.com,"shan@koboart.com"
appindulge.com,"me@appindulge.com"
theweb.engineer,"phillip.dews@theweb.engi"
bettercallpaul.co.uk,"hi@bettercallpaul.co.uk"
bemindfulweb.com,"info@bmindfulweb.com"
brigadoontechnology.com,"sales@brigadoontechnology.com"
instintoestudio.com,"contacto@instintoestudio.com"
edc.me,"hello@edc.me"
simbadesign.co.tz,"hello@simbadesign.co.tz"
vektordigital.com,"contact@vektordigital.com"
hiresoftwareexperts.com,"info@geitpl.com"
creativecommons.org,"info@creativecommons.org"
fjcapital.com,"8b4e078a51d04e0e9efdf470027f0ec1@sentry.wixpress.com,investorservices@ntrs.com"
nathansdunn.com,"nathanstephendunn@gmail.com"
digiday.com,"friend@example.com"
nimblelondon.com,"hello@nimblelondon.com"
remyclarkson.com,"remyclarkson@gmail.com"
upforcetech.com,"contact@upforcetech.com,email@example.com"
galantstudios.com,"office@galantstudios.com"
gapps.co.il,"info@gapps.co.il"
southblock.co.uk,"southblock.reception@waspsstudios.org.uk"
touchmedia360.com,"office@touch-media.ro"
enviemedia.com,"info@enviemedia.com"
williamschmid.com,"will123195@gmail.com"
candco.co.uk,"studio@candco.co.uk,studio@candco.com"
sweetpricing.com,"hamburger-white-42@2x.png,slack-logo-300@2x.png,android-ios-500@2x.png,right-sep-42@2x.png,a-linkedin-336@2x.png,support-icons-172@2x.png,segmented-price-matrix-500@2x.png,optimized-1500@2x.png,slack-phone-185@2x.png,price-matrix-dynamic-500@2x.png,logo-114@2x.png,a-linkedin-300@2x.png,analytics-in-app-purchases-500@2x.png,a-linkedin-970@2x.png,a-linkedin-728@2x.png"
clarity.fm,"8aa94a1aa3a244b9bcfa5e2de99357a8@app.getsentry.com"
pusterlacareers.co.uk,"info@pusterlajobs.co.uk,info@pusterlacareers.co.uk,elyse.waghorn@t1group.co.uk,candi.cairns@t1group.co.uk"
digiarise.com,"contact@digiarise.com"
settingsinfotech.com,"settingsinfotech@gmail.com"
pyxis-solutec.com,"hola@pyxis-solutec.com"
techneo360.com,"techneo360@gmail.com,info@techneo360.com"
uciss.com,"you@domain.com,info@uciss.com"
zeeaam.com,"zeeaam.contact@gmail.com"
customdatabasesofseattle.com,"customdatabases@icloud.com"
ryanmediaworks.com,"info@ryanmediaworks.com,Info@RyanMediaWorks.com"
cyrusholiday.com,"shameem.ahmad1786@gmail.com,forbestcoder1@gmail.com"
condegram.com,"example@company.com,marketing@condegram.com,Favicon@2x.png"
leanconsult.ru,"an@leanconsult.ru"
handsome.is,"newbiz@handsome.is,press@handsome.is,careers@handsome.is"
yopdesign.com,"yofie@yopdesign.com"
doomel.com,"contato@doomel.com"
tencomunicacion.com,"info@tencomunicacion.com"
geneva.co.uk,"support@geneva.co.uk"
xn----ymcbmmwr1a16k.com,"info@3sotweb.com"
designisdesign.net,"info@designisdesign.net,idguy10@gmail.com"
netlify.com,"siton22@hotmail.com"
stjude.org,"referralinfo@stjude.org"
ardendigital.com,"Macbook@2x-f6745f80e8220093c5f9833bd4d93942.png,contact@ardendigital.com"
mattolpinski.com,"matt.olpinski@gmail.com"
coatto.com,"rani@coatto.com"
bpa.gov.bd,"spadmin@bpa.gov.bd"
atlassian.com,"icons-status-question-dark-72x72@2x.png,Jira%20Software@2x-icon-blue.png,sallysmith@email.com,Jira%20Software@2x-blue.png"
friendlyeaglekarate.com,"programs@summerside-connect.com,info@friendlyeaglekarate.com,programs@chappellegardensra.ca,programs@orchardsra.ca"
softwaredevelopment.com.au,"contactus@softwaredevelopment.emai"
wedianyc.com,"info@wedianyc.com"
djangoforce.com,"hello@djangoforce.com"
sanjaydey.com,"hello@sanjaydey.com"
samuelnee.com,"github@3x.png,angel-list@3x.png,linkedin@3x.png"
greatmagnet.co.uk,"info@greatmagnet.co.uk,greg@greatmagnet.co.uk"
vizions.fr,"contact@vizions.fr"
shwoodshop.com,"info@shwoodshop.com,support@simprosys.com,dimensions_450x@2x.png,email@example.com"
smartdownloadz.com,"youridea@smartdownloadz.com"
menacircle.com,"nazzal.omar@gmail.com"
funlap.pe,"hola@checkpointpe.com"
craneinteractive.co.uk,"hello@craneinteractive.co.uk"
creativemirza.com,"hello@creativemirza.com,janak@creativemirza.com,moiz@creativemirza.com,creativemirza21@gmail.com"
pinterest.com,"youtube@2x.png"
uxdesign.cc,"u002F589e367c28ca47b195ce200d1507d18b@sentry.io"
machisto.com,"mag-glass-mobile@2x.png,quote@2x.png,link@2x.png,aside@2x.png,status@2x.png,portfolio-arrows@2x.png"
jakelthomas.uk,"me@jakelthomas.uk"
shravtech.com,"shravtechsolution@gmail.com"
jamogames.com,"james@jamogames.com"
knscanada.com,"info@knscanada.com"
freshpublicrelations.co.uk,"hello@freshpublicrelations.co.uk"
jimdo.com,"adellabsonline@gmail.com"
thebanneryears.co,"hello@thebanneryears.co"
cueagency.co,"hello@cueagency.co"
thefreelanceinstitute.com,"join@thefreelanceinstitute.com"
mashable.com,"brand_licensing@ziffdavis.com"
automly.com,"sales@automly.com"