agency name,website,emails
"LEADS Corporation Limited","leads.com.bd","&#105;n&#102;&#111;&#64;&#108;&#101;&#97;&#100;&#115;-b&#100;&#46;&#99;o&#109;"
"Helmes AS","www.helmes.com","inf&#111;&#64;h&#101;l&#109;&#101;&#115;&#46;c&#111;&#109;"
"Hirephp","www.hirephp.com","enquiry@hirephp.com"
"Rolustech","www.rolustech.com","info@rolustech.com"
"Solstice","www.solstice.com","info@solstice.com"
"Productive Edge","www.productiveedge.com","services@productiveedge.com"
"21st Century Software Solutions","www.21cssindia.com","contact@21cssindia.com"
"Shrewdify Technologies","www.shrewdify.com","consult@shrewdify.com"
"DVT","www.dvt.co.za","info@dvt.co.za"
"Business Pro Designs","www.businessprodesigns.com","support@businessprodesigns.com,sales@businessprodesigns.com"
"Rangle.io","rangle.io","info@rangle.io"
"MY Outsourcing Limited","www.myolbd.com","#"
"Cleverlance Enterprise Solutions a.s.","www.cleverlance.com","business@cleverlance.com,support@cleverlance.com,info@cleverlance.com,press@cleverlance.com,job@cleverlance.com"
"CHI Software","chisw.com","info.kyiv@chisw.com,info.dnipro@chisw.com,info@chisw.com,info.us@chisw.com,info.il@chisw.com"
"Bangladesh Export Import Co. Ltd. - IT Division","www.bol-online.com","support@bol-online.com"
"Avantica","www.avantica.net","info@avantica.net"
"ITCube Solutions Pvt. Ltd.","www.itcube.net","inquiry@itcube.net"
"Cyber Infrastructure Inc.","www.cisin.com","info@cisin.com,&#105;&#110;&#102;&#111;&#64;&#99;&#105;&#115;&#105;&#110;&#46;&#99;&#111;&#109;,&#104;&#114;&#64;&#99;&#105;&#115;&#105;&#110;&#46;&#99;&#111;&#109;"
"TatvaSoft","www.tatvasoft.com","info@tatvasoft.com"
"SoftwareHut","www.softwarehut.com","maciej.szymczuk@softwarehut.com,robert.strzelecki@softwarehut.com,marcin.bartoszuk@softwarehut.com,hello@softwarehut.com,jacek.zadrag@softwarehut.com"
"Polymont IT Services","www.polymont-itservices.fr","vivapps@netvizio.com"
"Concrete","www.concrete.com.br","contato@concrete.com.br,comercial@concrete.com.br,comunicacao@concrete.com.br,trabalheconosco@concrete.com.br"
"Hangar CR","www.thehangar.cr","business@thehangar.cr"
"Grey Matter India PVT LTD","www.greymatterindia.com","contact@greymatterindia.com"
"Team In India","www.teaminindia.com","info@teaminindia.com"
"WebbyMonks","webbymonks.com","hello@webbymonks.com"
"Ajath","www.ajath.com","in&#102;o&#64;&#97;&#106;&#97;&#116;&#104;.co&#109;&#32;&#105;&#110;f&#111;&#64;&#97;&#106;&#97;&#116;h.a&#101; &#104;r&#64;a&#106;&#97;th.&#99;o&#109;"
"Netrix, LLC","netrixllc.com","info@netrixllc.com"
"JIT Solutions","www.jitsolutions.pl","hello@jit.team"
"Trantor Inc.","trantorinc.com","sales@trantorinc.com"
"Intouch Solutions","www.intouchsol.com","getintouch@intouchsol.com"
"OMSOFTWARE PVT LTD","www.omsoftware.net","info@omsoftware.net"
"m5 Marketing Communications","www.m5.ca","jknights@m5us.com,tmacleod@m5.ca,sclarke@m5.ca,rick@m5.ca"
"Zazmic Inc.","www.zazmic.com","sales@zazmic.com"
"Infognana Solutions","www.infognana.com","sales@infognana.com"
"Prime Holding JSC","primeholding.com","info@primeholding.com"
"SimbirSoft","www.simbirsoft.com","request@simbirsoft.com"
"Baufest","www.baufest.com","info@baufest.com"
"Intello Group, Inc.","intellogroup.com","intello.support.ca@intellogroup.com,connect@intellogroup.com"
"Think Future Technologies","www.tftus.com","recruiter@tftus.com,info@tftus.com"
"CityLocalPro","citylocalpro.com","contact@citylocalpro.com"
"SRDV Technologies Pvt Ltd","www.srdvtechnologies.com","info@embarksoftware.com,info@srdvtechnologies.com"
"Grupo Sabra","www.gruposabra.com","Info@gruposabra.com"
"Tudip Technologies Pvt. Ltd.","www.tudip.com","info@tudip.com"
"aamra infotainment limited","www.aamrainfotainment.com","sales.infotainment@aamra.com.bd,info@aamrainfotainment.com"
"MBA","www.mba.co.uk","talk-to-us@mba.co.uk"
"TechAffinity Inc","www.techaffinity.com","info@techaffinity.com,media@techaffinity.com"
"Daffodil Software","insights.daffodilsw.com","info@daffodilsw.com"
"Godel Technologies","www.godeltech.com","hello@godeltech.com,careers@godeltech.com"
"American Eagle","www.americaneagle.com","info@americaneagle.com"
"Arcadia","softwarecountry.com","info@softwarecountry.com"
"Dotsquares","www.dotsquares.com","office@dotsquares.com"
"SI2 Limited","si2solutions.com","info@si2solutions.com"
"Zaptech Solutions","www.zaptechsolutions.com","sales@zaptechsolutions.com"
"Experion Technologies","www.experionglobal.com","info@experionglobal.com,sales@experionglobal.com,careers@experionglobal.com"
"Abto Software","www.abtosoftware.com","office@abtosoftware.com"
"Damco Solutions","www.damcogroup.com","info@damcogroup.com"
"Indiez","www.indiez.io","//benjamin@indiez.io"
"SaM Solutions","www.sam-solutions.com","vertrieb@sam-solutions.de,info@sam-solutions.us"
"Outsourced Quality Assured Services, Inc.","outsourced.ph","contact@outsourced.ph"
"PMG Group","pmgasia.com","contact@pmasia.com"
"TechHuddle","www.techhuddle.com","hello@techhuddle.com"
"Design Proficient","www.designproficient.com","idea@designproficient.com,server@designproficient.com,share@designproficient.com"
"SEBPO","www.sebpo.com","jobs.bd@sebpo.com,sales@sebpo.com,jobs.es@sebpo.com"
"Britain Logos","britainlogos.co.uk","sales@britainlogos.co.uk"
"Dare","thisisdare.com","newbiz@thisisdare.com,hello@thisisdare.com"
"Onehalf Offshore Business Solutions","onehalf.com.au","support@mobirise.com"
"STX Next","stxnext.com","christian@stxnext.com,matt@stxnext.com"
"Strategic Resources International Inc","sriusa.com","business@sriusa.com"
"Space-O Technologies","www.spaceotechnologies.com","sales@spaceotechnologies.com,hr@spaceotechnologies.com"
"Computer Professionals Incorporated","cpi.com.ph","careers@cpi.com.ph,i&#110;f&#111;&#64;cpi&#46;com&#46;ph"
"Indus Net Technologies Pvt. Ltd.","www.indusnet.co.in","hr@indusnet.co.in,info@indusnet.co.in"
"Shakuro","shakuro.com","hello@shakuro.com"
"Direction Software Solutions","direction.biz","info@direction.biz, info@direction.biz"
"Mobiloitte","www.mobiloitte.com","sales@mobiloitte.com"
"BRACNet Limited","bracnet.net","support@bracmail.net"
"Creuna","www.creuna.com","info@creuna.dk,info@creuna.se,info@creuna.no,info@creuna.fi,{{email}}"
"Microexcel Inc.","www.microexcel.com","info@microexcel.com"
"Firewood Marketing","firewoodmarketing.com","hello@firewoodmarketing.com"
"CDN Solutions Group","www.cdnsol.com","contact@cdnsol.com"
"Select World GmbH","selectworld.com","info.geneva@selectworld.com,info.paris@selectworld.com,info.newyork@selectworld.com,info.losangeles@selectworld.com,info.hamburg@selectworld.com,info.shanghai@selectworld.com"
"Arbisoft","arbisoft.com","contact@arbisoft.com"
"Tricon Infotech Private Limited","www.triconinfotech.com","humanresource@triconinfotech.com,info@triconinfotech.com"
"V Group Inc.","webstore.vgroup.net","webstore@vgroupinc.com"
"Siegel+Gale","www.siegelgale.com","pgough@siegelgale.com"
"Flexsin Inc.","www.flexsin.com","info@flexsin.com"
"Grazitti Interactive","www.grazitti.com","sales@grazitti.us,sales@grazitti.com,sales_sg@grazitti.com"
"CyberSWIFT","www.cyber-swift.com","info@cyber-swift.com"
"Khmer Gaming Software Solution Co. Ltd","www.khmergaming.com","business@khmergaming.com"
"EX2 Outcoding","outcoding.com","&#105;nf&#111;&#64;&#111;u&#116;cod&#105;ng.c&#111;&#109; ,info@outcoding.com"
"Emergya","www.emergya.com","info-ch@emergya.com,info-es@emergya.com,info-uk@emergya.com,info-cl@emergya.com"
"DB1 Global Software","www.db1.com.br","comercial@db1it.com.br"
"Sixth Gear Studios","www.sixthgearstudios.com","hello@sixthgearstudios.com"
"ITMAGINATION","itmagination.com","office@itmagination.com"
"Symphony Solutions","www.symphony-solutions.eu","recruiting@symphony-solutions.eu,finance@symphony-solutions.eu,legal@symphony-solutions.eu,info_pl@symphony-solutions.eu,sales@symphony-solutions.eu,info_mk@symphony-solutions.eu,info@symphony-solutions.eu"
"Logo Mines","logomines.com","support@logomines.com,sales@logomines.com"
"MDVision CSD LLC","mdvision.net","sales@mdvision.net"
"Cybercom Group","www.cybercom.com","sales.poland@cybercom.com"
"ISHIR","www.ishirdigital.com","marketing@ishirdigital.com"
"SinnerSchrader","sinnerschrader.com","swipe@sinnerschrader.com,info@sinnerschrader.com,commerce@sinnerschrader.com"
"Hidden Brains InfoTech","www.hiddenbrains.com","biz@hiddenbrains.com"
"Eficode","www.eficode.com","info@eficode.com"
"Scand","scand.com","info@scand.com"
"MediaMonks","www.mediamonks.com","dubai@mediamonks.com,stockholm@mediamonks.com,mexico@mediamonks.com,ba@mediamonks.com,shanghai@mediamonks.com,la@mediamonks.com,sanfrancisco@mediamonks.com,ny@mediamonks.com,info@mediamonks.com,singapore@mediamonks.com,saopaulo@mediamonks.com,london@mediamonks.com"
"Clarion Technologies","www.clariontech.com","info@clariontech.com"
"Virtual Employee","www.virtualemployee.com","sales@virtualemployee.com"
"Epidata SA","www.epidataconsulting.com","info@epidataconsulting.com,sales@epidataconsulting.com"
"Aleph Labs","www.aleph-labs.com","malaysia@aleph-labs.com,indonesia@aleph-labs.com,philippines@aleph-labs.com,thailand@aleph-labs.com,australia@aleph-labs.com,vietnam@aleph-labs.com,singapore@aleph-labs.com"
"MLive Media Group","www.mlivemediagroup.com","advertise@mlive.com"
"Interaction","www.interaction.cr","contacto@interaction.cr"
"Techno Exponent","www.technoexponent.com","hr@technoexponent.com,sales@technoexponent.com"
"Uber","www.uberagency.com","hello@uberagency.com"
"Ameex Technologies Corp.","www.ameexusa.com","info@ameexusa.com"
"Musala Soft","www.musala.com","musala@musala.com"
"Broad Band Telecom Services Ltd.","www.bbts.net","info@bbts.net"
"FCB New Zealand","fcb.co.nz","sean.keaney@fcb.com,toby.sellers@fcb.com,fcbaklcareers.sm@fcb.com"
"Outsource in Pakistan","www.outsourceinpakistan.com","info@outsourceinpakistan.com, info@outsourceinpakistan.com,info@outsourceinpakistan.com "
"Developex","developex.com","contact@developex.com"
"Brainvire Infotech Inc","www.brainvire.com","info@brainvire.com"
"Comtech Design Print Mail","www.accesscomtech.com","info@accesscomtech.com"
"Links Technology Solutions, Inc.","www.linkstechnology.com","info@linkstechnology.com"
"Appnovation Technologies","www.appnovation.com","contact@appnovation.com"
"MobiDev","mobidev.biz","info@mobidev.biz"
"Zfort Group","www.zfort.com","alon.kumov@zfort.com,contact@zfort.com,nick@zfort.com,hello@zfort.com,gene@zfort.com"
"Elad Software Systems","www.elad.co.il","info@netcraft.co.il,info@elad.co.il"
"Systematix Infotech Pvt. Ltd","www.systematixinfotech.com","info@systematixinfotech.com"
"S3 Corporation","www.s3corp.com.vn","info@s3corp.com.vn"
"Plain Concepts","www.plainconcepts.com","usa_info@plainconcepts.com"
"TechJini, Inc","www.techjini.com","sales@techjini.com"
"Nanoarch Software Solutions","www.nanoarchsoftware.com","info@nanoarchsoftware.com"
"*instinctools","www.instinctools.com","contact@instinctools.com"
"Babel","babel.es","info@babel.es"
"projekt202","www.projekt202.com","seattle@projekt202.com,sanfrancisco@projekt202.com,experience@projekt202.com,chicago@projekt202.com,austin@projekt202.com,dallas@projekt202.com"
"Digiwebart","www.digiwebart.com","info@digiwebart.com"
"PYCOGroup","www.pycogroup.com","BOT@pycogroup.com,seattle@pycogroup.com,hongkong@pycogroup.com,bangkok@pycogroup.com,san.derderian@pycogroup.com,new-york@pycogroup.com,ofir.ejnes@pycogroup.com,laurent.calamy@pycogroup.com,johannesburg@pycogroup.com,pvd@pycogroup.com,brussels@pycogroup.com,claire.laurencon@pycogroup.com,hochiminhcity@pycogroup.com,fabrice.drukman@pycogroup.com,richard.kim@pycogroup.com,geneva@pycogroup.com,david.dzialowski@pycogroup.com,paris@pycogroup.com"
"JDM Web Technologies","www.jdmwebtechnologies.com","info@jdmwebtechnologies.com"
"Compunnel Software Group","www.compunnel.com","contact@compunnel.com"
"Euvic","www.euvic.com","info@euvic.com"
"Netguru","www.netguru.com","hello@netguru.com,contributors@netguru.com"
"Web105","web105.com","&#105;&#110;&#102;&#111;&#64;&#119;&#101;&#98;&#49;&#48;&#53;&#46;&#99;&#111;&#109;"
"Optimal Virtual Employee","www.optimalvirtualemployee.com","enquiry@optimalvirtualemployee.com"