website,emails
"www.designagency.co.uk","hello@designagency.co.uk"
"www.s-o-creative.com","ideas@s-o-creative.co.uk"
"www.sorbrook.com","hello@sorbrook.com"
"www.formatldn.com","hello@formatldn.com?Subject=Hello"
"www.seochaps.com","david@seochaps.com,dave@seochaps.com"
"theportwebdesign.com","info@theportwebdesign.com"
"www.pogomarketing.agency","info@pogomarketing.agency"
"www.delaneymethod.com","hello@delaneymethod.com"
"buyme.media","enquiries@buyme.media"
"www.estudiohamelin.com.ar"," contacto@estudiohamelin.com.ar"
"www.adbuy.com","info@adbuy.com"
"socialmarketway.com","support@socialmaketway.com"
"www.getgorgeo.us","hello@grgs.co"
"www.marketingfunnel.website","laura@marketingfunnel.website"
"ellipticmarketing.com","&#99;o&#110;t&#97;ct&#64;&#101;lli&#112;&#116;&#105;&#99;&#109;&#97;&#114;&#107;e&#116;&#105;n&#103;.&#99;&#111;m"
"texlawmkg.com","info@texlawmkg.com"
"www.elissadavisdesigner.com","elissa@elissadavisdesign.com"
"uzimedia.com","u&#122;&#105;m&#101;d&#105;a&#64;&#103;mail&#46;&#99;&#111;&#109;,&#117;zi&#109;&#101;di&#097;&#064;&#103;mail&#046;co&#109;,&#117;z&#105;me&#100;ia&#064;gmai&#108;&#046;&#099;&#111;&#109;,&#117;zi&#109;edi&#097;&#064;gma&#105;l&#046;&#099;o&#109;,uzimedia@gmail.com"
"methodikal.net","info@methodikal.net"
"agency672.com","dwilkins@agency672.com"
"typetrail.com","anders@typetrail.com,contact@typetrail.com"
"www.webhostbd.com","webhostbd.net@gmail.com"
"wearephase.co.uk","hello@wearephase.co.uk?Subject=Hello Phase"
"performancefirstdigital.com",":info@performancefirstdigital.com"
"www.outsourceppc.com","info@outsourceppc.com"
"www.wsquaredmarketing.com","info@ontargetagency.com"
"www.jptgrouppr.com","jptab@jptgrouppr.com"
"torinocomunicacao.ws","Emai&#108;&#58;&#32;f&#97;l&#101;c&#111;&#109;&#64;t&#111;&#114;&#105;n&#111;c&#111;&#109;&#117;&#110;ica&#99;&#97;o&#46;&#119;s"
"www.crowdsurfdc.com","info@crowdsurfdc.com?subject=General Information"
"www.bartlettgrouppr.com","barry@bartlettgrouppr.com"
"www.leeleearts.com","ashlee@leeleearts.com"
"www.getboundless.com","info@getboundless.com"
"www.seoservicepros.co.uk","info@seoservicepros.co.uk"
"www.cartwrightdesign.net","ac@cartwrightdesign.net"
"www.soupstandard.com","hello@soupstandard.com"
"www.seotoronto.ca","contact@paulteitelman.com"
"globalpop.mx","ventas@globalpop.mx"
"accomplicemarketing.com","jen@accomplicemarketing.com"
"www.rizseo.com","inquiry@rizseo.com"
"www.hphybrid.com","THOMAS@HPHYBRID.COM"
"candco.co.uk","studio@candco.co.uk,studio@candco.com"
"www.williamtaylorgroup.com","info@williamtaylorgroup.com"
"www.helloemilymarketing.com","emily@helloemilymarketing.com"
"statuo.co.uk","hello@statuo.co.uk"
"www.hypestrategic.com","patrick.shawn@gmail.com"
"zeckrowebsolutions.com","info@zeckrowebsolutions.com,support@zeckrowebsolutions.com"
"www.picturethisadvertising.com","billboards@picturethisadvertising.com,aoneal@picturethisadvertising.com,sstokes@picturethisadvertising.com"
"sen3group.com","sayhello@sen3group.com"
"futureforth.com","info@futureforth.com"
"www.roberthempsall.co.uk","robert@roberthempsall.co.uk"
"olmezd.com","&#111;&#108;m&#101;z&#100;&#64;gma&#105;&#108;&#46;com"
"www.digitalmarketing.wales","andrew@digitalmarketing.wales,advice@digitalmarketing.wales"
"www.vikkigreen.com","3gjjaz@gmail.com,jmalone30@gmail.com,debbie.blainporter@facebook.com,charitynorth@gmail.com,pbarker@gsplanning.com,bob@4greengolf.com"
"thedmlab.com","info@thedmlab.com"
"signsofsignificance.com","info@signsofsignificance.com,//info@signsofsignificance.com"
"socialmediaco5.com","contact@co5group.com"
"www.ltdesignco.com","LAURENTAYLOR.DESIGNCO@GMAIL.COM"
"battlebornatl.com","info@battlebornatl.com"
"smm.teamagency.com.ua","lvivagency@gmail.com"
"bakerwebsolutions.com","info@bakerwebsolutions.com"
"www.adjustedstudio.com","hello@adjustedstudio.com"
"www.annavija.com","hello@annavija.com"
"debrastuart.com","debra@debrastuart.com"
"www.lizmccalldesign.com","liz@lizmccalldesign.com"
"www.bowwowmedia.tv","no-reply@email.com"
"www.hammerdesign.co.uk","info@hammerdesign.co.uk"
"inclouddesign.com","bobby@inclouddesign.com"
"www.pencilgame.com","info@pencilgame.com"
"www.globalreachadvertising.com","info@globalreachadvertising.com"
"www.jonshorecreative.com","jshore23@me.com"
"yourownmarketingdepartment.com","sandra@yourownmarketingdepartment.com"
"www.sofiaseo.com","info@HagiaSofiaConsulting.com"
"www.clocktowercreative.co.uk","studios@clocktowercreative.co.uk"
"www.clearboxstrategies.com","start@clearboxstrategies.com"
"thehighpointagency.com","info@thehighpointagency.com"
"www.divisiondesign.co.uk","mike@divisiondesign.co.uk?subject=I"
"rodricedesign.com","rod@rodricedesign.com"
"www.digitaljellyfish.co.uk","contact@digitaljellyfish.co.uk"
"www.hurtlecreative.com","getstarted@hurtlecreative.com?subject=Request_portfolio"
"www.adlantic.com","info@adlantic.com"
"www.thecauseagency.org","pitch@thecauseagency.org"
"cairncreativemedia.com","jared@cairncreativemedia.com"
"www.45b.co.uk","&#105;&#110;&#102;&#111;&#064;&#052;&#053;&#098;&#046;&#099;&#111;&#046;&#117;&#107;"
"mast.com.mx","contacto@mast.com.mx"
"www.nashvilleinteractive.com","info@nashvilleinteractive.com"
"www.revelrygraphicdesign.com","becky@revelrygraphicdesign.com"
"www.crocheconsulting.com","caleb@crocheconsulting.com"
"seopaslaugos.com","info@seopaslaugos.com?Subject=Seo paslaugos"
"desimoneglobalmarketing.com","info@desimoneglobalmarketing.com,jody@thesocialmediasage.com"
"www.signal-studio.co.uk","hello@signal-studio.co.uk"
"www.turncorps.com","sara@turncorps.com,bryan@turncorps.com"
"www.designpix.co.uk","sarah@designpix.co.uk?subject=Website Enquiry,studio@designpix.co.uk?subject=Website Enquiry"
"lakewaywebdesign.com","Hello@LakewayWebDesign.com"
"www.richardblunt-design.co.uk","richard.blunt@btconnect.com"
"agenciaseobrasil.com.br","contato@agenciaseobrasil.com.br"
"mjmdesignz.com","mitch@mjmdesignz.com;"
"www.ypsilondesign.com","info@ypsilondesign.com"
"vaqueroadvertising.com","f&#101;r&#110;ando&#64;Vaq&#117;e&#114;&#111;A&#100;&#118;er&#116;isi&#110;&#103;&#46;&#99;om"
"www.lorrainefrasermarketing.com","lorraine@tefl.org.uk"
"www.silverdollarseo.com","Tyler@silverdollarseo.com"
"www.francispires.com.br","fracispires@msn.com"
"www.gleavemedia.co.uk","hello@gleavemedia.co.uk"
"webland.cc","hello@webland.cc"
"rebelstudios.net","kelly@rebelstudios.net"
"www.optimalarc.com","info@optimalarc.com"
"www.rebuscreative.co.uk","info@rebuscreative.co.uk, info@rebuscreative.co.uk"
"www.coldlight.co.uk","hello@coldlight.co.uk"
"www.eleven10creative.co.uk","post@eleven10creative.co.uk"
"www.francesconencini.com","info@56factory.com"
"www.brassadvertising.com","human@brassadvertising.com"
"www.bluinsight.co","info@bluinsight.co"
"www.marketingtechnologist.com","your@email"
"www.outofhomecreative.com","info@outofhomecreative.com?subject=Inquiry from OOHC website"
"maidadesignct.com","marge@maidadesignct.com"
"bigbangelectrical.com","bgrant@bigbangelectrical.com"
"epickmarketing.com","info@epickmarketing.com"
"greenroutemedia.com","info@greenroutemedia.com"
"www.kashifamin.net","contact@kashifamin.net"
"www.parbjohal.com","hi@parbjohal.com"
"www.neue.co.uk","exa&#109;%70le&#64;%61%74t&#111;&#114;&#110;e&#121;%2d&#97;t-%6c%61w%2e&#99;o%6d,%65%78am&#112;%6c%65&#64;&#100;&#101;&#45;&#106;u%72&#101;%2e&#99;&#111;&#109;"
"grossmanadv.com","&#099;&#097;&#114;ol&#064;g&#114;&#111;ss&#109;&#097;&#110;a&#100;&#118;.&#099;&#111;&#109;"
"marketologai.lt","info@marketologai.lt"
"www.route2advertising.com","mhill@route2advertising.com"
"www.nutmeggerpr.com","contact@nutmeggerpr.com"
"www.createonsight.co.uk","design@createonsight.co.uk"
"www.seo4houston.com","info@seo4houston.com"
"creativeworks.com.mx","contacto@creativeworks.com.mx"
"kstmarketing.com","info@kstmarketing.com"
"www.power-advertising.co.uk","adrian@power-advertising.co.uk"
"www.beaconbranding.com","getinfo@beaconbranding.com,work@beaconbranding.com"
"www.rjhoffmanassociates.com"," ronhoffman@comcast.net"
"www.triadagroup.com.co","andres.ayala@triadagroup.com.co"
"www.solutionsdigitalmarketing.com","&#98;&#114;&#97;d&#121;&#64;s&#111;&#108;u&#116;i&#111;n&#115;di&#103;&#105;t&#97;lm&#97;r&#107;&#101;ti&#110;g&#46;&#99;&#111;m"
"iondesignvt.com","mike@iondesignvt.com"
"www.viesagroup.com","contacto@viesagroup.com?subject=Solicitar%20Consulta"
"saffelcreative.com","hugh@seanet.com"
"www.guildcreative.com","steve@guildcreative.com"
"www.creativestreamlr.com","m.puckett01@att.net"
"www.dnova.com.uy","info@dnova.com.uy"
"marisapassos.com","info@marisapassos.com"
"www.zestformedia.com","natalie@zestformedia.com"
"www.northernazsocial.com","NorthernAZsocial@gmail.com"
"www.conceptadvertising.co.uk","info@conceptadvertising.co.uk"
"ppseo.gr","info@ppseo.gr"
"boostvideo.co.uk","hello@boostvideo.co.uk,h&#101;l&#108;o&#64;b&#111;o&#115;&#116;&#118;id&#101;&#111;.co&#46;uk"
"www.creativeessence.co.uk","helen@creativeessence.co.uk"
"masoko.mx","info@masoko.mx"
"nickelseo.com","inquiries@nickelseo.com"
"www.horigan.co.uk","hello@horigan.co.uk"
"madewithfuel.com","&#104;&#101;&#108;&#108;&#111;&#64;&#109;ade&#119;&#105;t&#104;&#102;uel&#46;&#99;om"
"ppgwebsolutions.com","jillian@blueirismarketing.com"
"chewdigital.uk","hello@chew.digital"
"onfire.agency","hello@onfire.agency"
"www.media.cx","hello@media.cx"
"www.videocentermedia.com","videocentermedia@gmail.com"
"www.xtramilemarketing.com","stephanie@xtramilemarketing.com?subject=Requesting more information"
"www.carterandersoncreative.com","carter@carterandersoncreative.com"
"dontworryspain.es","info@dontworryspain.com"